2020-09-09 08:20:14,b'RT @TechTabletscom: Mi Curved Gaming Monitor Unboxing &amp; Review! 1440p 144hz monitor perfect for that new RTX 3080! https://t.co/cK7oRX91Fo\xe2\x80\xa6'
2020-09-09 08:08:08,b'\xe6\x9b\xb8\xe3\x81\x8d\xe3\x81\xbe\xe3\x81\x97\xe3\x81\x9f\xef\xbc\x81 / ZOTAC\xe3\x80\x81ZOTAC GAMING GeForce RTX 3080 Trinity \xe3\x81\xae\xe5\xa7\xbf\xe3\x82\x92\xe7\x8f\xbe\xe3\x81\x99 - \xe3\x82\xb8\xe3\x83\xa3\xe3\x83\xb3\xe3\x82\xaf\xe3\x81\x8a\xe5\xae\x9d\xe9\x91\x91\xe5\xae\x9a\xe5\x9b\xa3\n#ZOTAC #NVIDIA  #GeForce #rtx3080 #GPU\xe2\x80\xa6 https://t.co/GfVjchhfjj'
2020-09-09 07:20:39,b'#rtx3080\n\n\xe3\x81\xbe\xe3\x81\x95\xe3\x81\xab\xe4\xbb\x8a\xe3\x81\xae\xe3\x82\x8f\xe3\x81\x97\n\nhttps://t.co/TamlGBsmD7'
2020-09-09 07:20:03,b'RT @DeepCool_JAPAN: RGB\xe3\x82\x92\xe8\xbf\xbd\xe5\x8a\xa0\xe3\x81\x97\xe3\x81\x9f\xe5\xbe\x8c\xe3\x81\xaeRTX 30\xe3\x82\x92\xe6\x83\xb3\xe5\x83\x8f\xe3\x81\x97\xe3\x81\xa6\xe3\x81\x8f\xe3\x81\xa0\xe3\x81\x95\xe3\x81\x84\xe3\x80\x82\n#RTX3080 \xef\xbc\x83rtx3080\xef\xbc\x83rtx3090\xef\xbc\x83MF120GTArgbFan https://t.co/vyJjaVZiJ0'
2020-09-09 06:51:00,"b""@TEAMEVGA While you fine gentlefolk have been been working on your delightful #rtx3080's I would also beg you to pl\xe2\x80\xa6 https://t.co/Q3pT1aeKFy"""
2020-09-09 06:33:19,b'RT @TechTabletscom: Mi Curved Gaming Monitor Unboxing &amp; Review! 1440p 144hz monitor perfect for that new RTX 3080! https://t.co/cK7oRX91Fo\xe2\x80\xa6'
2020-09-09 05:45:40,b'RT @TechTabletscom: Mi Curved Gaming Monitor Unboxing &amp; Review! 1440p 144hz monitor perfect for that new RTX 3080! https://t.co/cK7oRX91Fo\xe2\x80\xa6'
2020-09-09 04:17:31,"b""RT @ORIGINPC: It's official #RTX3080 https://t.co/J6k7iCYZci"""
2020-09-09 03:22:56,b'RTX3090\xe3\x81\xafTITAN\xe3\x81\xa8\xe6\x80\x9d\xe3\x81\x88\xe3\x81\xb0\xe5\xae\x89\xe3\x81\x84\xe3\x80\x82\nRTX3080\xe3\x81\xafxx80Ti\xe3\x81\xa8\xe6\x80\x9d\xe3\x81\x88\xe3\x81\xb0\xe5\xae\x89\xe3\x81\x84\xe3\x80\x82\n\n\xe3\x81\xa8\xe4\xbd\x95\xe5\xba\xa6\xe3\x82\x82\xe8\x87\xaa\xe5\x88\x86\xe3\x81\xab\xe8\xa8\x80\xe3\x81\x84\xe8\x81\x9e\xe3\x81\x8b\xe3\x81\x9b\xe3\x82\x8b\xe3\x81\x8c\xe3\x80\x81\xe5\x85\xa8\xe3\x81\x8f\xe5\x8a\xb9\xe6\x9e\x9c\xe3\x81\x8c\xe3\x81\xaa\xe3\x81\x84\xe3\x80\x82\n\n#rtx30 #rtx3090 #rtx3080 #rtx3090\xe8\xb2\xb7\xe3\x81\x86\xe3\x81\x9e\xe3\x83\xbc'
2020-09-09 03:06:31,b'RTX 3080 better come in a mini version... cuz I can\xe2\x80\x99t fit a full size card in here \xf0\x9f\x98\x82 #rtx3080 #RTX3090 #Nvidia\xe2\x80\xa6 https://t.co/Vuu85ujyxe'
2020-09-09 02:57:21,b'#RTXOn #rtx3080 #RTX #rtx3000 #RTX30 #physics https://t.co/IrUfH6dsig'
2020-09-09 02:55:15,b'@Xbox @CallofDuty\n\nHigh Kills #warzone gameplay on #xboxonex\n\n https://t.co/C3bXyOhwGa\n\n#twitch #youtube\xe2\x80\xa6 https://t.co/Tnp71t519E'
2020-09-09 02:35:46,b'Wish the third parties would announce price and availability in Australia for the RTX 3000 series already. Need to\xe2\x80\xa6 https://t.co/5KALORz16p'
2020-09-09 02:34:26,b'RT @TechTabletscom: Mi Curved Gaming Monitor Unboxing &amp; Review! 1440p 144hz monitor perfect for that new RTX 3080! https://t.co/cK7oRX91Fo\xe2\x80\xa6'
2020-09-09 02:16:41,b'RT @TechTabletscom: Mi Curved Gaming Monitor Unboxing &amp; Review! 1440p 144hz monitor perfect for that new RTX 3080! https://t.co/cK7oRX91Fo\xe2\x80\xa6'
2020-09-09 01:36:50,"b'Here\xe2\x80\x99s Everything You Need To Know About The RTX 3070, 3080 And 3090 https://t.co/Kk7YZw2rFJ #Nvidia #GeForce\xe2\x80\xa6 https://t.co/yqW5AX2tEQ'"
2020-09-09 01:36:44,b'RT @TechTabletscom: Mi Curved Gaming Monitor Unboxing &amp; Review! 1440p 144hz monitor perfect for that new RTX 3080! https://t.co/cK7oRX91Fo\xe2\x80\xa6'
2020-09-09 01:16:22,b'RT @michaellarabel: Guessing no launch day Linux benchmarks of the @nvidia #RTX3090 #RTX3080 https://t.co/WO2v0FUbMZ'
2020-09-09 01:04:31,b'Guessing no launch day Linux benchmarks of the @nvidia #RTX3090 #RTX3080 https://t.co/WO2v0FUbMZ'
2020-09-09 01:03:33,b'@BurgerMyster17 when he heard about them new #rtx3080 https://t.co/RyCLjwIprp'
2020-09-09 00:45:01,b'So what is going to happen with #Nvidia on the #StockMarket  ? Are you expecting the #stocks to go up? The new\xe2\x80\xa6 https://t.co/ckiqBGqC0v'
2020-09-09 00:31:00,"b'#RTX3080 is 40% more powerful than RTX 2080 Ti, benchmarks show - https://t.co/D9DqQttqQQ https://t.co/wyS4wjjaQd'"
2020-09-09 00:08:31,b'Will customers find a performance degradation on PCIE 3.0?\n\nThe impact is typically less than a few percent going f\xe2\x80\xa6 https://t.co/Hfz3U48zQy'
2020-09-09 00:06:07,b'Will the new GPUs and RTX IO work on Windows 7/8.1?\n\n[Tony Tamasi] RTX 30-series GPUs are supported on Windows 7 an\xe2\x80\xa6 https://t.co/2DAUtd6QiO'
2020-09-09 00:04:30,"b'Will the 30 series cards be supporting 10bit 444 120fps ? \n\n[Qi Lin] The 30 series supports 10bit HDR. In fact, HDM\xe2\x80\xa6 https://t.co/Vyg7nfHQe4'"
2020-09-09 00:03:52,b'Does Ampere support HDMI 2.1 with the full 48Gbps bandwidth?\n\n[Qi Lin] Yes. The NVIDIA Ampere Architecture supports\xe2\x80\xa6 https://t.co/aP6MYmarg4'
2020-09-08 23:35:37,b'SENNHEISER GSP670: PREMIUM GAMING HEADSET\n\nNEW\n\n$189 shipped\n\n#RTX3090  #pcgaming #RTX3090 #rtx3080 https://t.co/dmX8u0LYaq'
2020-09-08 23:31:33,b'RTX 2080 TI Owners reaction to the reveal of RTX 3070 https://t.co/LGW0AEicLi via @YouTube #rtx3080'
2020-09-08 23:29:12,b'Damn if only I waited for the #rtx3080  \xf0\x9f\xa4\xa6\xf0\x9f\x8f\xbb\xe2\x80\x8d\xe2\x99\x82\xef\xb8\x8f'
2020-09-08 23:02:38,b'RT @TechTabletscom: Mi Curved Gaming Monitor Unboxing &amp; Review! 1440p 144hz monitor perfect for that new RTX 3080! https://t.co/cK7oRX91Fo\xe2\x80\xa6'
2020-09-08 22:31:36,b'RT @TechTabletscom: Mi Curved Gaming Monitor Unboxing &amp; Review! 1440p 144hz monitor perfect for that new RTX 3080! https://t.co/cK7oRX91Fo\xe2\x80\xa6'
2020-09-08 22:28:17,b'RT @TechTabletscom: Mi Curved Gaming Monitor Unboxing &amp; Review! 1440p 144hz monitor perfect for that new RTX 3080! https://t.co/cK7oRX91Fo\xe2\x80\xa6'
2020-09-08 22:11:09,b'RT @TechTabletscom: Mi Curved Gaming Monitor Unboxing &amp; Review! 1440p 144hz monitor perfect for that new RTX 3080! https://t.co/cK7oRX91Fo\xe2\x80\xa6'
2020-09-08 22:06:46,b'RT @TechTabletscom: Mi Curved Gaming Monitor Unboxing &amp; Review! 1440p 144hz monitor perfect for that new RTX 3080! https://t.co/cK7oRX91Fo\xe2\x80\xa6'
2020-09-08 22:03:21,b'RT @TechTabletscom: Mi Curved Gaming Monitor Unboxing &amp; Review! 1440p 144hz monitor perfect for that new RTX 3080! https://t.co/cK7oRX91Fo\xe2\x80\xa6'
2020-09-08 21:29:02,b'RT @TechTabletscom: Mi Curved Gaming Monitor Unboxing &amp; Review! 1440p 144hz monitor perfect for that new RTX 3080! https://t.co/cK7oRX91Fo\xe2\x80\xa6'
2020-09-08 21:24:27,b'RT @sharkeyryan: I bought my #GTX1080 on 6/21/2016 and it has been a workhorse. It has been everything I expected and more. \n\nAs a satisfie\xe2\x80\xa6'
2020-09-08 21:14:19,b'I bought my #GTX1080 on 6/21/2016 and it has been a workhorse. It has been everything I expected and more. \n\nAs a s\xe2\x80\xa6 https://t.co/sbU2uqNtuz'
2020-09-08 20:51:11,b'#RTX #rtx3080 #RTX3090\n\nBack in time #NVIDIA launched a super series short after the original 2000 release.\nWith th\xe2\x80\xa6 https://t.co/qpVWeY9eyU'
2020-09-08 20:50:55,b'RT @AdonisMMO: Our guy @Ledgendairy1H has been testing &amp; debugging around the clock! More videos coming soon! #AdonisMMO | #NVIDIA #RTXOn #\xe2\x80\xa6'
2020-09-08 20:49:54,b'RT @AdonisMMO: Our guy @Ledgendairy1H has been testing &amp; debugging around the clock! More videos coming soon! #AdonisMMO | #NVIDIA #RTXOn #\xe2\x80\xa6'
2020-09-08 20:49:32,b'Our guy @Ledgendairy1H has been testing &amp; debugging around the clock! More videos coming soon! #AdonisMMO | #NVIDIA\xe2\x80\xa6 https://t.co/zqFl9B9HjV'
2020-09-08 20:45:40,b'RT @TechTabletscom: Mi Curved Gaming Monitor Unboxing &amp; Review! 1440p 144hz monitor perfect for that new RTX 3080! https://t.co/cK7oRX91Fo\xe2\x80\xa6'
2020-09-08 20:34:55,b'RT @TechTabletscom: Mi Curved Gaming Monitor Unboxing &amp; Review! 1440p 144hz monitor perfect for that new RTX 3080! https://t.co/cK7oRX91Fo\xe2\x80\xa6'
2020-09-08 20:30:58,b'RT @TechTabletscom: Mi Curved Gaming Monitor Unboxing &amp; Review! 1440p 144hz monitor perfect for that new RTX 3080! https://t.co/cK7oRX91Fo\xe2\x80\xa6'
2020-09-08 20:30:17,b'Mi Curved Gaming Monitor Unboxing &amp; Review! 1440p 144hz monitor perfect for that new RTX 3080!\xe2\x80\xa6 https://t.co/4lvAkVZhbp'
2020-09-08 20:27:05,"b""RT @cowcotland: Les #RTX3090 et #RTX3080 s'affichent avec des tarifs en Euro (et \xc3\xa7a tape fort) https://t.co/0s6ycF8YPA https://t.co/inltYyQ\xe2\x80\xa6"""
2020-09-08 20:21:26,b'So if I get RTX3080\n- Watchdogs is free\n- ACV is $19.99\n- Star Wars is $19.99\n- Cyberpunk is keeper\n- COD is keeper\xe2\x80\xa6 https://t.co/9LrAA5IoDE'
2020-09-08 20:13:41,b'I am only concerned about how well #AssassinsCreedValhalla will run on next gen consoles. I can also spend $19.99 t\xe2\x80\xa6 https://t.co/Jo7gG8I9pC'
2020-09-08 20:12:52,"b""Oh dear god... i'm still woozy from the new rtx30 series reveal a couple of days ago. Those specs at that price?! N\xe2\x80\xa6 https://t.co/h89wfUs5sz"""
2020-09-08 19:59:27,b'If both #XboxSeriesX and #XboxSeriesS were all digital I would probably buy the #RTX3090 but we still have a disc d\xe2\x80\xa6 https://t.co/Z6q8M8Wrdk'
2020-09-08 19:59:27,b'Everybody on Twitter be $iMpin for a #PS5 and #XboxSeriesX  and I be here waiting to preorder the  Personal Compute\xe2\x80\xa6 https://t.co/OVyiM19pBM'
2020-09-08 19:53:27,b'RT @curiosity_ytv: We are preparing a comprehensive benchmark between the RTX 2070 Super FE and the RTX 3080 FE when it arrives! All resolu\xe2\x80\xa6'
2020-09-08 19:51:03,"b'@CaroleQuintaine Si la console co\xc3\xbbte 600\xe2\x82\xac, pour juste 120\xe2\x82\xac de plus minimum bcp de gamers upgraderont leur PC avec la #RTX3080 #BlaBlaGame'"
2020-09-08 19:45:18,b'We are preparing a comprehensive benchmark between the RTX 2070 Super FE and the RTX 3080 FE when it arrives! All r\xe2\x80\xa6 https://t.co/FAOcyFRMjT'
2020-09-08 19:43:01,b'Which should you buy? Nvidia 3000 vs Big Navi - The No Nonsense Prologue https://t.co/qzd2dC10ow via \n@YouTube\xe2\x80\xa6 https://t.co/9SSHgJFfVb'
2020-09-08 19:15:55,b'RT @neobytebcn: \xc2\xa1\xc2\xa1Vigila que fuente tienes antes de adquirir una gr\xc3\xa1fica RTX Serie 30!! Mejor ir preparado para esa bestia.\n\n\xf0\x9f\x9b\x92 https://t.co\xe2\x80\xa6'
2020-09-08 19:00:33,"b""RT @JulienChieze: C'est le week-end \xf0\x9f\x8c\x9f #PS5 et #XboxSeriesX pr\xc3\xa9commandes limit\xc3\xa9es et exclusivit\xc3\xa9 la + s\xc3\xa9duisante ? #Mario ou #Link ? Passer\xe2\x80\xa6"""
2020-09-08 18:57:02,"b'This #Gigabyte #Aorus #RTX3080/#RTX3090 #GPU takes up a MEATY 4 slots. Step aside XFX, this is the REAL thicc card!\xe2\x80\xa6 https://t.co/6SDzb2tdgl'"
2020-09-08 18:55:28,"b""RT @cowcotland: Les #RTX3090 et #RTX3080 s'affichent avec des tarifs en Euro (et \xc3\xa7a tape fort) https://t.co/0s6ycF8YPA https://t.co/inltYyQ\xe2\x80\xa6"""
2020-09-08 18:30:59,b'RT @flamingospoon1: Up coming goals on stream:\nat 650 followers i will eat 1 square of #carolinareaper chocolate.\nAt 700 Followers i will e\xe2\x80\xa6'
2020-09-08 18:25:45,b'RT @DasMontyy: Zeit f\xc3\xbcr ein neues Video\xf0\x9f\x98\x8e\nSelbstverst\xc3\xa4ndlich News zu den RTX3000 Grafikkarten von Nvidia + etwas Ryzen 4000 \xf0\x9f\x98\x81\n\n#nvidia #rtx3\xe2\x80\xa6'
2020-09-08 18:24:50,"b""RT @RedGamingTech: Why #Nvidia's DLSS 2.0 and AI upsampling will change EVERYTHING in graphics.\n\nhttps://t.co/WNvOksR1Y8\n\n#gaming #tech #te\xe2\x80\xa6"""
2020-09-08 18:21:56,b'Up coming goals on stream:\nat 650 followers i will eat 1 square of #carolinareaper chocolate.\nAt 700 Followers i wi\xe2\x80\xa6 https://t.co/wr3PFO7YVo'
2020-09-08 18:21:42,"b""RT @PCGamesN: We're still waiting for proper testing, but these leaked #RTX3080 benchmarks are... wild\nhttps://t.co/6uICJGFt6T https://t.co\xe2\x80\xa6"""
2020-09-08 18:06:06,b'Getting ready for that #rtx3080! https://t.co/SgHkZSJSrq'
2020-09-08 17:50:00,"b""We're still waiting for proper testing, but these leaked #RTX3080 benchmarks are... wild\nhttps://t.co/6uICJGFt6T https://t.co/yDm0KhPmBK"""
2020-09-08 17:31:46,b'Lets start building a rtx 3080 build\n#rtx3080 #gaming https://t.co/xa2pg4buqI'
2020-09-08 17:16:01,b'RT @kazsan0223: \xe4\xbb\x8a\xe8\xaa\xbf\xe3\x81\xb9\xe3\x81\xaa\xe3\x81\x8a\xe3\x81\x97\xe3\x81\xa6\xe3\x81\xa6\xe3\x82\x8f\xe3\x81\x8b\xe3\x81\xa3\xe3\x81\x9f\xe3\x81\x91\xe3\x81\xa9\n\nRTX IO \xe3\x81\xaf \xe9\x81\x8e\xe5\x8e\xbb\xe3\x81\xaeRTX20\xe3\x82\xb7\xe3\x83\xaa\xe3\x83\xbc\xe3\x82\xba\nGTX16\xe3\x82\xb7\xe3\x83\xaa\xe3\x83\xbc\xe3\x82\xba\xe3\x81\xa7\xe3\x82\x82\xe4\xbd\xbf\xe7\x94\xa8\xe3\x81\xa7\xe3\x81\x8d\xe3\x82\x8b\xef\xbc\x81\n\n\xe3\x81\xa8\xe3\x81\xae\xe3\x81\x93\xe3\x81\xa8\xe3\x81\xa7\xe3\x81\x99\xe3\x80\x82\n\n\xe3\x82\x82\xe3\x81\x97\xe3\x81\x8b\xe3\x81\x97\xe3\x81\xa6\xe6\x84\x8f\xe5\xa4\x96\xe3\x81\xa8\xe7\x9f\xa5\xe3\x82\x89\xe3\x82\x8c\xe3\x81\xa6\xe3\x81\x84\xe3\x81\xaa\xe3\x81\x84\xef\xbc\x9f\xf0\x9f\xa4\x94\n\xe3\x82\x82\xe3\x81\xa1\xe3\x82\x8d\xe3\x82\x93\xe5\xb8\xb8\xe8\xad\x98\xef\xbc\x9f\xf0\x9f\xa4\x94\n\n\xe6\x94\xb9\xe3\x82\x81\xe3\x81\xa6\xe8\xaa\xbf\xe3\x81\xb9\xe3\x82\x8b\xe3\x81\xa3\xe3\x81\xa6\xe5\xa4\xa7\xe4\xba\x8b\n\n#GTX1660\n#RTX20\n#\xe2\x80\xa6'
2020-09-08 17:13:47,"b'The GeForce RTX 3080 Founders Edition has a 12-pin power connector, but it may be an NVIDIA-exclusive\xe2\x80\xa6 https://t.co/x4iNE5VUOd'"
2020-09-08 17:11:47,b'RT @AaronJFritsch: #rtx3070\n#rtx3080\n#RTX3090\n#PCMR\n#XboxSeriesS\n#Xbox\n#XboxOne\n#Nvidia\n@nvidia\n@OfficialPCMR\n@PedroPCMR\nhttps://t.co/szP0B\xe2\x80\xa6'
2020-09-08 17:11:31,b'#rtx3070\n#rtx3080\n#RTX3090\n#PCMR\n#XboxSeriesS\n#Xbox\n#XboxOne\n#Nvidia\n@nvidia\n@OfficialPCMR\n@PedroPCMR\nhttps://t.co/szP0B4tJUC'
2020-09-08 16:56:46,b'Sept 14: Primeras reviews de #rtx3080\nSept 15: Apple event. iPhone 12.\nSept 16: #FacebookConnect. Quest 2.\nSept 17:\xe2\x80\xa6 https://t.co/iw8MRk1slU'
2020-09-08 16:51:20,b'RT @HRNikoofar: LOL! This is me \xf0\x9f\x98\x82\n#rtx3080\nhttps://t.co/OVeRAhJHDJ'
2020-09-08 16:31:05,"b'Este fin de a\xc3\xb1o se est\xc3\xa1 poniendo sabroso, me puse modo zopilote esperando una #RTX2080 para cuando salga la\xe2\x80\xa6 https://t.co/uK4ZHxykHJ'"
2020-09-08 15:57:43,b'RT @cybertechbiz: The RTX 3080 is cool \xf0\x9f\x98\x8e #Nvidia #RTX3080 #Windows10  #Graphic https://t.co/wHPKhu82Ym'
2020-09-08 15:57:36,b'@NVIDIAGeForce @msigaming #UltimatePlay i will win and i want one #RTX3080'
2020-09-08 15:49:01,"b""RT @RedGamingTech: Why #Nvidia's DLSS 2.0 and AI upsampling will change EVERYTHING in graphics.\n\nhttps://t.co/WNvOksR1Y8\n\n#gaming #tech #te\xe2\x80\xa6"""
2020-09-08 15:41:40,"b""RT @RedGamingTech: Why #Nvidia's DLSS 2.0 and AI upsampling will change EVERYTHING in graphics.\n\nhttps://t.co/WNvOksR1Y8\n\n#gaming #tech #te\xe2\x80\xa6"""
2020-09-08 15:38:57,b'Hanging w/ Ur #Turing /#Radeon #Gpu 1-4 months will effectively lose you big$\nUr Q: its OK &amp; U have gaming gpu for\xe2\x80\xa6 https://t.co/9gMGLU8m0j'
2020-09-08 15:24:17,"b""J'ai tout de m\xc3\xaame une petite pens\xc3\xa9e \xc3\xa9mue pour les gens qui ont achet\xc3\xa9 une #RTX2080Ti r\xc3\xa9cemment, au vu des performan\xe2\x80\xa6 https://t.co/5W0LGKNV8K"""
2020-09-08 15:24:04,"b""Can't wait for your teardown video @GamersNexus I can see that it looks like 4 screws behind a pop-up tab. That may\xe2\x80\xa6 https://t.co/qL25cfJSNT"""
2020-09-08 15:16:41,"b""RT @RedGamingTech: Why #Nvidia's DLSS 2.0 and AI upsampling will change EVERYTHING in graphics.\n\nhttps://t.co/WNvOksR1Y8\n\n#gaming #tech #te\xe2\x80\xa6"""
2020-09-08 15:14:11,"b""RT @RedGamingTech: Why #Nvidia's DLSS 2.0 and AI upsampling will change EVERYTHING in graphics.\n\nhttps://t.co/WNvOksR1Y8\n\n#gaming #tech #te\xe2\x80\xa6"""
2020-09-08 15:11:33,b'Zeit f\xc3\xbcr ein neues Video\xf0\x9f\x98\x8e\nSelbstverst\xc3\xa4ndlich News zu den RTX3000 Grafikkarten von Nvidia + etwas Ryzen 4000 \xf0\x9f\x98\x81\xe2\x80\xa6 https://t.co/LM0GgltR5o'
2020-09-08 15:11:05,"b""RT @RedGamingTech: Why #Nvidia's DLSS 2.0 and AI upsampling will change EVERYTHING in graphics.\n\nhttps://t.co/WNvOksR1Y8\n\n#gaming #tech #te\xe2\x80\xa6"""
2020-09-08 15:08:09,b'Io mentre aspetto di poter ordinare la #rtx3080 #Nvidia https://t.co/WBlJmzg2q7'
2020-09-08 15:05:28,"b""Why #Nvidia's DLSS 2.0 and AI upsampling will change EVERYTHING in graphics.\n\nhttps://t.co/WNvOksR1Y8\n\n#gaming\xe2\x80\xa6 https://t.co/dvX98P0ls2"""
2020-09-08 15:05:27,b'LOL! This is me \xf0\x9f\x98\x82\n#rtx3080\nhttps://t.co/OVeRAhJHDJ'
2020-09-08 14:45:17,b'NVIDIA GeForce RTX 3080 w rozdzielczo\xc5\x9bci 4K jest o prawie 54% lepszy od GeForce RTX 2080 SUPER. #NVIDIA #GeForce\xe2\x80\xa6 https://t.co/G87InUWv0E'
2020-09-08 14:44:21,"b'GPU-Z 2.34.0 supporta le schede grafiche #Nvidia #RTX3090 ,#rtx3080 e #rtx3070 , e la memoria GDDR6X |\xe2\x80\xa6 https://t.co/66gXx6AM5e'"
2020-09-08 14:20:55,b'RTX30\xe3\x82\xb7\xe3\x83\xaa\xe3\x83\xbc\xe3\x82\xba\xe5\x88\x9d\xe5\x9b\x9e\xe5\x87\xba\xe8\x8d\xb7\xe3\x81\x8b\xe3\x82\x89\xe7\x99\xbd\xe3\x81\x84\xe3\x81\xae\xe5\x87\xba\xe3\x81\xaa\xe3\x81\x84\xe3\x81\x8b\xe3\x81\xaa\xef\xbc\x9f\n#RTX30 \n#RTX3070\n#RTX3080\n#RTX3090'
2020-09-08 14:01:50,b'RT @DeepCool_JAPAN: RGB\xe3\x82\x92\xe8\xbf\xbd\xe5\x8a\xa0\xe3\x81\x97\xe3\x81\x9f\xe5\xbe\x8c\xe3\x81\xaeRTX 30\xe3\x82\x92\xe6\x83\xb3\xe5\x83\x8f\xe3\x81\x97\xe3\x81\xa6\xe3\x81\x8f\xe3\x81\xa0\xe3\x81\x95\xe3\x81\x84\xe3\x80\x82\n#RTX3080 \xef\xbc\x83rtx3080\xef\xbc\x83rtx3090\xef\xbc\x83MF120GTArgbFan https://t.co/vyJjaVZiJ0'
2020-09-08 13:31:28,b'Are you getting the #rtx3070 #rtx3080 or the #rtx3090 and why? https://t.co/jhnPQu6k4D'
2020-09-08 13:18:01,b'RT @RareAchievement: Now that I\xe2\x80\x99m reviewing games for the channel too what games do you want to see reviewed? Not a whole lot of new games\xe2\x80\xa6'
2020-09-08 13:10:23,b'El precio de las #rtx3080 podr\xc3\xada dispararse por culpa de los mineros de #Ethereum: https://t.co/jO71d5Xvfs\xe2\x80\xa6 https://t.co/Ynr9s0CiWF'
2020-09-08 12:33:42,b'\xe6\x9d\xa5\xe5\xb9\xb4\xe3\x81\xae\xe4\xba\x88\xe5\xae\x9a\xe3\x81\xa0\xe3\x81\x8c #RTX3080 \xe3\x81\xab\xe3\x81\x97\xe3\x82\x88\xe3\x81\x86\xe3\x81\x8b #RTX3090 \xe3\x81\xab\xe3\x81\x97\xe3\x82\x88\xe3\x81\x86\xe3\x81\x8b\xe6\x82\xa9\xe3\x81\xbf\xe4\xb8\xad https://t.co/PcF63tqLcu'
2020-09-08 12:31:58,b'Las pruebas de velocidad que demuestran c\xc3\xb3mo la #Nvidia #GeForce #RTX3080 machaca a la #RTX2080 y #RTX2080Ti:\xe2\x80\xa6 https://t.co/BYmbXOvfUz'
2020-09-08 12:24:52,b'Up is Down #nvidia #rtx3080 #nvidia3080 https://t.co/Au4X6Eyhgj'
2020-09-08 12:18:21,b'On a litt\xc3\xa9ralement eu les prix de la #XboxSeriesS et de la #rtx3080 avant la #PS5 et la #XboxSeriesX \xf0\x9f\x98\xad\xf0\x9f\x98\xad\nPlayStation bougez vous le cul \xf0\x9f\x98\x82\xf0\x9f\x98\x82'
2020-09-08 11:48:26,b'RT @Mnpctech: MZ1 Munky Reactor PC is a modified a CM Storm case by @CoolerMaster_NA @CoolerMaster \n\nIn shop early to get head start on Shi\xe2\x80\xa6'
2020-09-08 10:52:15,"b""RT @JulienChieze: C'est le week-end \xf0\x9f\x8c\x9f #PS5 et #XboxSeriesX pr\xc3\xa9commandes limit\xc3\xa9es et exclusivit\xc3\xa9 la + s\xc3\xa9duisante ? #Mario ou #Link ? Passer\xe2\x80\xa6"""
2020-09-08 10:25:04,b'RT @bero_deteru: GeForce RTX30\xe3\x82\xb7\xe3\x83\xaa\xe3\x83\xbc\xe3\x82\xba\xe3\x81\xae\xe7\x99\xba\xe8\xa1\xa8\xe3\x81\x8c\xe3\x81\x82\xe3\x82\x8a\xe3\x81\xbe\xe3\x81\x97\xe3\x81\x9f\xe3\x80\x82\n\nGeForce RTX3070\nGeForce RTX3080\nGeForce RTX3090\n\n\xe3\x81\xbe\xe3\x81\xa0\xe3\x80\x81\xe7\x99\xba\xe5\xa3\xb2\xe3\x81\x95\xe3\x82\x8c\xe3\x81\xa6\xe3\x81\x84\xe3\x81\xaa\xe3\x81\x84PS5\xe3\x81\xae\xe3\x82\xb0\xe3\x83\xa9\xe3\x83\x95\xe3\x82\xa3\xe3\x83\x83\xe3\x82\xaf\xe6\x80\xa7\xe8\x83\xbd\xe3\x81\x8cGeForce RTX2080\xe3\x81\x90\xe3\x82\x89\xe3\x81\x84\xe3\x82\x89\xe3\x81\x97\xe2\x80\xa6'
2020-09-08 10:19:05,b'GeForce RTX30\xe3\x82\xb7\xe3\x83\xaa\xe3\x83\xbc\xe3\x82\xba\xe3\x81\xae\xe7\x99\xba\xe8\xa1\xa8\xe3\x81\x8c\xe3\x81\x82\xe3\x82\x8a\xe3\x81\xbe\xe3\x81\x97\xe3\x81\x9f\xe3\x80\x82\n\nGeForce RTX3070\nGeForce RTX3080\nGeForce RTX3090\n\n\xe3\x81\xbe\xe3\x81\xa0\xe3\x80\x81\xe7\x99\xba\xe5\xa3\xb2\xe3\x81\x95\xe3\x82\x8c\xe3\x81\xa6\xe3\x81\x84\xe3\x81\xaa\xe3\x81\x84PS5\xe3\x81\xae\xe3\x82\xb0\xe3\x83\xa9\xe3\x83\x95\xe3\x82\xa3\xe3\x83\x83\xe3\x82\xaf\xe6\x80\xa7\xe8\x83\xbd\xe3\x81\x8cGeForce RTX20\xe2\x80\xa6 https://t.co/TtlToVim1a'
2020-09-08 10:08:12,b'Hey #pcmasterrace \xf0\x9f\x91\x8b\n\nSo #Nvidia are saying you need a 750w PSU for the new #RTX3080 \n\nI currently have a 600w Corsa\xe2\x80\xa6 https://t.co/5BG5F8iE36'
2020-09-08 10:06:07,b'La #rtx3080 ser\xc3\xada un 68% m\xc3\xa1s r\xc3\xa1pida en CUDA y OpenCL que la #rtx2080: https://t.co/FxfoKjLcZ0 #Noticias3D https://t.co/Z5oa7dZTJs'
2020-09-08 10:04:57,b'RT @Peykanbazi: \xd9\x86\xd8\xb3\xd9\x84 \xd8\xac\xd8\xaf\xdb\x8c\xd8\xaf \xda\xa9\xd8\xa7\xd8\xb1\xd8\xaa \xda\xaf\xd8\xb1\xd8\xa7\xd9\x81\xdb\x8c\xda\xa9 \xd9\x87\xd8\xa7\xdb\x8c Nvidia \xd9\x85\xd8\xb9\xd8\xb1\xd9\x81\xdb\x8c \xd8\xb4\xd8\xaf\xd9\x86\xd8\xaf\n\xd8\xa8\xd8\xa7 \xd9\x87\xd9\x85\xd8\xa7\xd9\x86 \xd9\x82\xdb\x8c\xd9\x85\xd8\xaa \xd9\x88\xd9\x84\xdb\x8c \xd8\xaf\xd9\x88 \xd8\xa8\xd8\xb1\xd8\xa7\xd8\xa8\xd8\xb1 \xd9\x82\xd8\xaf\xd8\xb1\xd8\xaa \xda\xaf\xd8\xb1\xd8\xa7\xd9\x81\xdb\x8c\xda\xa9\xdb\x8c\n#Nvidia #rtx3080 https://t.co/Pbh4t5b0uD'
2020-09-08 10:01:25,"b'.@AMD Big Navi podr\xc3\xada superar a la #rtx3070, pero estar\xc3\xada por debajo de la #rtx3080 : https://t.co/HiDvAbztiT\xe2\x80\xa6 https://t.co/5qMQPRXBQV'"
2020-09-08 09:51:50,"b""RT @cowcotland: Les #RTX3090 et #RTX3080 s'affichent avec des tarifs en Euro (et \xc3\xa7a tape fort) https://t.co/0s6ycF8YPA https://t.co/inltYyQ\xe2\x80\xa6"""
2020-09-08 09:44:50,b'RT @Mnpctech: MZ1 Munky Reactor PC is a modified a CM Storm case by @CoolerMaster_NA @CoolerMaster \n\nIn shop early to get head start on Shi\xe2\x80\xa6'
2020-09-08 09:27:08,"b""RT @cowcotland: Les #RTX3090 et #RTX3080 s'affichent avec des tarifs en Euro (et \xc3\xa7a tape fort) https://t.co/0s6ycF8YPA https://t.co/inltYyQ\xe2\x80\xa6"""
2020-09-08 09:14:25,"b""RT @cowcotland: Les #RTX3090 et #RTX3080 s'affichent avec des tarifs en Euro (et \xc3\xa7a tape fort) https://t.co/0s6ycF8YPA https://t.co/inltYyQ\xe2\x80\xa6"""
2020-09-08 09:13:33,b'RT @cowcotland: #EKWB nous parle du PCB de r\xc3\xa9f\xc3\xa9rence des #RTX3090 et #RTX3080 https://t.co/RYdFPBxWfP https://t.co/r8Dqdk1DiV'
2020-09-08 09:12:10,b'RT @cowcotland: #Bykski annonce ses waterblocks pour les #RTX3090 et #RTX3080 https://t.co/z2fQCEns3H https://t.co/6egTrNsMHw'
2020-09-08 09:09:54,b'Will still get #XboxSeriesX over #XboxSeriesS \n\nMay get #RTX3080 / #BIGNAVI if #Cyberpunk2077 melts my brain on PC.\xe2\x80\xa6 https://t.co/LHmEf9I3e8'
2020-09-08 09:08:56,b'RT @Mnpctech: MZ1 Munky Reactor PC is a modified a CM Storm case by @CoolerMaster_NA @CoolerMaster \n\nIn shop early to get head start on Shi\xe2\x80\xa6'
2020-09-08 09:05:10,b'@fabiandoehla @Pepper1896 @XboxDACH #Cyberpunk2077  eh nur auf PC mit der #rtx3080 von #nvidia -&gt; #noadvert \xf0\x9f\xa4\xa3'
2020-09-08 09:03:57,"b""RT @cowcotland: Les #RTX3090 et #RTX3080 s'affichent avec des tarifs en Euro (et \xc3\xa7a tape fort) https://t.co/0s6ycF8YPA https://t.co/inltYyQ\xe2\x80\xa6"""
2020-09-08 08:59:56,b'Kauf ich jetzt eine #XboxSeriesS und eine #RTX3070 und heule weil ich arm bin oder kauf ich einfach nur eine #RTX3080?'
2020-09-08 08:50:06,"b""RT @cowcotland: Les #RTX3090 et #RTX3080 s'affichent avec des tarifs en Euro (et \xc3\xa7a tape fort) https://t.co/0s6ycF8YPA https://t.co/inltYyQ\xe2\x80\xa6"""
2020-09-08 08:46:57,"b""RT @cowcotland: Les #RTX3090 et #RTX3080 s'affichent avec des tarifs en Euro (et \xc3\xa7a tape fort) https://t.co/0s6ycF8YPA https://t.co/inltYyQ\xe2\x80\xa6"""
2020-09-08 08:45:44,"b""RT @cowcotland: Les #RTX3090 et #RTX3080 s'affichent avec des tarifs en Euro (et \xc3\xa7a tape fort) https://t.co/0s6ycF8YPA https://t.co/inltYyQ\xe2\x80\xa6"""
2020-09-08 08:42:32,"b'#2080Ti stands for titanium which is named after the Titans, a family of gods, and I shit you not, in Greek mytholo\xe2\x80\xa6 https://t.co/lUlvWaTrwt'"
2020-09-08 08:41:02,"b""RT @cowcotland: Les #RTX3090 et #RTX3080 s'affichent avec des tarifs en Euro (et \xc3\xa7a tape fort) https://t.co/0s6ycF8YPA https://t.co/inltYyQ\xe2\x80\xa6"""
2020-09-08 08:37:02,"b""Les #RTX3090 et #RTX3080 s'affichent avec des tarifs en Euro (et \xc3\xa7a tape fort) https://t.co/0s6ycF8YPA https://t.co/inltYyQCgZ"""
2020-09-08 08:02:37,"b""So I just looked this over again, I'm for sure going to get the #RTX3080, but I will eventually get all three.\n\nNow\xe2\x80\xa6 https://t.co/0gSWyGrjho"""
2020-09-08 07:57:19,"b'#RTX3080 is 40% more powerful than RTX 2080 Ti, benchmarks show - https://t.co/D9DqQtbPZi https://t.co/EFtyeB4rCK'"
2020-09-08 07:51:35,"b'Nvidia RTX 3080 FE\n\nBus: 320-bit\nChip: Ampere 7nm\nClock: fino a 1,71Ghz\nInterfaccia: PCIe 4.0\nMemoria: 10Gb GDDR6X\xe2\x80\xa6 https://t.co/On3JsarxoQ'"
2020-09-08 07:46:51,b'RT @KRGraphicsCG: The announcement of the #rtx3080 and #rtx3090 has me even more excited to be getting back into game development as an ind\xe2\x80\xa6'
2020-09-08 07:46:45,b'The announcement of the #rtx3080 and #rtx3090 has me even more excited to be getting back into game development as\xe2\x80\xa6 https://t.co/ZclFMRbT3l'
2020-09-08 07:46:03,b'First #RTX3080 &amp; #RTX3090 prices are dropping in @Geizhals!\n\nhttps://t.co/6eucs7yErB\n\nhttps://t.co/i1nrmBbVUZ https://t.co/ueg7UYy3fT'
2020-09-08 07:20:16,b'EK Releases First Water Blocks for NVIDIA GeForce #RTX3090 and #RTX3080 https://t.co/DB3BsWp7jh https://t.co/KicFJ0DAeD'
2020-09-08 07:20:06,b'You need to see @DOOM Eternal being showcased running on an #RTX3080 \xf0\x9f\xa4\xa4 Insanity \xf0\x9f\x91\x87\n\nhttps://t.co/qn9RnWmDfo\n\n#Nvidia\xe2\x80\xa6 https://t.co/M5E9rUBW7R'
2020-09-08 07:18:34,b'#Bykski annonce ses waterblocks pour les #RTX3090 et #RTX3080 https://t.co/z2fQCEns3H https://t.co/6egTrNsMHw'
2020-09-08 07:12:54,"b'I honestly wish @AMDGaming would come out with a #Navi2/#BigNavi announcement already, before everyone and their mo\xe2\x80\xa6 https://t.co/O2NLNMgPoc'"
2020-09-08 07:12:16,b'#RTX3080 is twice as fast and more then $300 cheaper of 2080 ti with RT with no performance hit also like\xe2\x80\xa6 https://t.co/rqK6VDYDwS'
2020-09-08 06:39:10,b'#rtx3080 #gaming https://t.co/WtFYnqSu54'
2020-09-08 06:13:24,b'The RTX 3080 is cool \xf0\x9f\x98\x8e #Nvidia #RTX3080 #Windows10  #Graphic https://t.co/wHPKhu82Ym'
2020-09-08 06:10:56,"b""New Nvidia graphics cards could thwart AMD's plans - to the delight of customers\n#NewNvidiagraphicscards\xe2\x80\xa6 https://t.co/35AmtlScOH"""
2020-09-08 06:00:36,b'RTX3070.3080.3090\xe3\x81\xae\xe3\x83\x87\xe3\x83\xbc\xe3\x82\xbf\xe3\x82\xb7\xe3\x83\xbc\xe3\x83\x88\xe3\x82\x92\xe6\x9b\xb4\xe6\x96\xb0\xe3\x81\x97\xe3\x81\xbe\xe3\x81\x97\xe3\x81\x9f\xe3\x80\x82\n#RTX #RTX3070 #RTX3080 #RTX3090'
2020-09-08 05:39:51,b'\xe6\x96\xb0\xe3\x81\x97\xe3\x81\x8f\xe3\x82\xb0\xe3\x83\xa9\xe3\x83\x9c\xe5\x87\xba\xe3\x82\x8b\xe3\x81\x91\xe3\x81\xa9CPU\xe3\x81\xa8\xe3\x81\xae\xe3\x83\x9c\xe3\x83\x88\xe3\x83\xab\xe3\x83\x8d\xe3\x83\x83\xe3\x82\xaf\xe3\x81\x8c\xe5\xbf\x83\xe9\x85\x8d\xef\xbc\x81\n\xe4\xbb\x8a\xe5\x87\xba\xe3\x81\xa6\xe3\x82\x8b2080\xe3\x81\xa8\xe3\x81\x8b\xe4\xbb\x8a\xe5\xba\xa6\xe5\x87\xba\xe3\x82\x8b3080\xe3\x81\xaf\xe3\x81\xa9\xe3\x81\xae\xe3\x81\x8f\xe3\x82\x89\xe3\x81\x84\xe3\x81\xaeCPU\xe7\xa9\x8d\xe3\x82\x81\xe3\x81\xb0\xe6\x80\xa7\xe8\x83\xbd\xe5\xbc\x95\xe3\x81\x8d\xe5\x87\xba\xe3\x81\x9b\xe3\x82\x8b\xe3\x81\xae\xef\xbc\x9f\n\xe6\x95\x99\xe3\x81\x88\xe3\x81\xa6\xe3\x81\x88\xe3\x82\x8d\xe3\x81\x84\xe4\xba\xba\xef\xbc\x81\xef\xbc\x81\n#RTX3090 #RTX3080'
2020-09-08 05:39:24,b'\xe3\x81\x86\xe3\x83\xbc\xe3\x82\x93\xe3\x80\x81#RTX3080\n\n\xe4\xbb\x8a\xe5\x9b\x9e\xe3\x82\x82\xef\xbc\x9f\xe8\xa3\x9c\xe5\x8a\xa9\xe9\x9b\xbb\xe6\xba\x90\xe3\x81\xae\xe4\xbd\xbf\xe7\x94\xa8\xe3\x81\xaf\xe3\x81\xbf\xe3\x82\x93\xe3\x81\xaa\xe3\x81\x9d\xe3\x82\x8c\xe3\x81\x9e\xe3\x82\x8c\xe9\x81\x95\xe3\x81\x86\xe3\x81\xbf\xe3\x81\x9f\xe3\x81\x84\xe3\x81\xa7\xe3\x81\x99\xe3\x81\xad\n\n\xe3\x81\xa9\xe3\x82\x8c\xe3\x81\x8c\xe3\x81\x84\xe3\x81\x84\xe3\x81\x8b\xe3\x81\xaa\xe3\x81\x81 https://t.co/o41MngULmV'
2020-09-08 05:38:50,b'RT @okevintw: #Nvidia #RTX3090 #RTX3080 #RTX3070 https://t.co/ijIrgIZagw'
2020-09-08 05:36:17,b'RT @cowcotland: #EKWB nous parle du PCB de r\xc3\xa9f\xc3\xa9rence des #RTX3090 et #RTX3080 https://t.co/RYdFPBxWfP https://t.co/r8Dqdk1DiV'
2020-09-08 05:16:42,"b""What do we have here? Ok over the mini display, can't wait till the #rtx3000 gets released. #RTXOn #RTX #RTX3080\xe2\x80\xa6 https://t.co/PAUobZ1NBl"""
2020-09-08 05:16:03,b'#EKWB nous parle du PCB de r\xc3\xa9f\xc3\xa9rence des #RTX3090 et #RTX3080 https://t.co/RYdFPBxWfP https://t.co/r8Dqdk1DiV'
2020-09-08 04:43:09,"b""So according to this. \nYou can combine both Xboxes and make one megabox. \nAnd it's still cannot compete with an RTX\xe2\x80\xa6 https://t.co/fV5jJqrZsZ"""
2020-09-08 04:10:07,b'RT @TechInterceptor: NEWS @EKWaterBlocks announces first water blocks for the upcoming Ampere series: Quantum Vector RTX 3080/3090 D-RGB.\xe2\x80\xa6'
2020-09-08 04:10:04,b'RT @TechInterceptor: NEWS @EKWaterBlocks announces first water blocks for the upcoming Ampere series: Quantum Vector RTX 3080/3090 D-RGB.\xe2\x80\xa6'
2020-09-08 04:09:41,b'RT @TechInterceptor: NEWS @EKWaterBlocks announces first water blocks for the upcoming Ampere series: Quantum Vector RTX 3080/3090 D-RGB.\xe2\x80\xa6'
2020-09-08 04:04:19,b'RT @okevintw: #Nvidia #RTX3090 #RTX3080 #RTX3070 https://t.co/ijIrgIZagw'
2020-09-08 04:00:00,b'#Nvidia #RTX3090 #RTX3080 #RTX3070 https://t.co/ijIrgIZagw'
2020-09-08 03:57:45,b'RT @okevintw: #Nvidia #RTX3090 #RTX3080 #RTX3070 https://t.co/G21kB5NwQW'
2020-09-08 03:08:09,b'Any of you guys going to grab the new #Nvidia #RTX3090 or #RTX3080  ? Unreal that even the #rtx3070 is faster then\xe2\x80\xa6 https://t.co/7IiniXWQmY'
2020-09-08 02:26:40,"b""RT @THEREALRTU: I'm pre-ordering the @nvidia #RTX3090 and #RTX3080. Don't @ me or my penis will shrink an inch. Which means I'll only have\xe2\x80\xa6"""
2020-09-08 02:11:48,"b""With the new Nvidia RTX 3080 coming out, it's important to look back and appreciate the ones that came before. The\xe2\x80\xa6 https://t.co/5lb5qHHAO1"""
2020-09-08 02:03:42,b'RT @RareAchievement: Now that I\xe2\x80\x99m reviewing games for the channel too what games do you want to see reviewed? Not a whole lot of new games\xe2\x80\xa6'
2020-09-08 01:53:39,b'RTX3080\n\n\xe5\xa4\xa7\xe4\xbd\x93\xe3\x81\xae\xe4\xbe\xa1\xe6\xa0\xbc\xe4\xba\x88\xe6\x83\xb3\xe3\x81\xaf11\xe4\xb8\x87\xe5\x86\x86\xe3\x81\xa0\xe3\x81\x91\xe3\x81\xa9\n\xe5\x85\xa8\xe3\x81\xa6\xe3\x81\xae\xe3\x83\x99\xe3\x83\xb3\xe3\x83\x80\xe3\x83\xbc\xe3\x81\x95\xe3\x82\x93\xe3\x81\xae\xe3\x83\xa2\xe3\x83\x87\xe3\x83\xab\xe3\x82\x92\xe8\x87\xaa\xe7\x94\xb1\xe3\x81\xab\xe9\x81\xb8\xe3\x81\xb9\xe3\x82\x8b\xe3\x81\xa4\xe3\x82\x82\xe3\x82\x8a\xe3\x81\xa7\xe8\xa1\x8c\xe3\x81\x8f\xe3\x81\xaa\xe3\x82\x89\xe3\x80\x81\xe3\x82\x84\xe3\x81\xa3\xe3\x81\xb1\xe3\x82\x8a15\xe4\xb8\x87\xe3\x81\x8f\xe3\x82\x89\xe3\x81\x84\xe8\xa6\x8b\xe3\x81\xaa\xe3\x81\x8d\xe3\x82\x83\xe3\x83\x80\xe3\x83\xa1\xe3\x81\xa0\xe3\x82\x88\xe3\x81\xad\xef\xbc\x9f(\xe7\xa8\x8e\xe8\xbe\xbc)\n\n\xe7\x99\xba\xe5\xa3\xb2\xe5\xbd\x93\xe6\x97\xa5\xe3\x81\xaf\xe3\x81\x8c\xe3\x82\x93\xe3\x81\xb0\xe3\x82\x8b\xe3\x81\xbe\xe3\x81\x99\xef\xbc\x81\n\n#RTX30 #RTX3080'
2020-09-08 01:23:08,b'\xe5\x85\xa8\xe3\x81\xa6\xe3\x82\x92\xe9\x81\x8e\xe5\x8e\xbb\xe3\x81\xab\xe3\x81\x99\xe3\x82\x8b\xef\xbc\x81 \xe5\xbc\xb7\xe3\x81\x99\xe3\x81\x8e\xe3\x82\x8b #RTX3080 https://t.co/KdZ7yte2uk https://t.co/ePhjJKsgL2'
2020-09-08 00:48:10,"b""RT @KotakuAU: Nvidia has publicly corroborated our original reporting, confirming to customers that the RTX Founders Edition cards won't be\xe2\x80\xa6"""
2020-09-08 00:44:39,b'Nvidia did them a dirty\n\n#nvidia #rtx3070 #rtx3080 #GeForce #RTX3090 #RTXOn #rtx3000 #rtx3070 #rtx2070 #rtx2080\xe2\x80\xa6 https://t.co/tUeDmDyJTp'
2020-09-08 00:37:19,"b'Nvidia has publicly corroborated our original reporting, confirming to customers that the RTX Founders Edition card\xe2\x80\xa6 https://t.co/z3p7mQ7NfD'"
2020-09-08 00:34:56,b'RT @Ulysses98980552: Empezamos con los directos de Twitch otra vez gente! Esa gtx 3080 no se va a comprar sola \xf0\x9f\x92\x9c apoyen al canal y agan un\xe2\x80\xa6'
2020-09-08 00:31:32,b'@NVIDIAGeForce Thank you for giving the world a lesson on delayed gratification! :) Mad props. #RTX3090  #RTX3080  #rtx3000 #RIP2080Ti'
2020-09-08 00:00:01,b'#Nvidia #RTX3090 #RTX3080 #RTX3070 https://t.co/G21kB5NwQW'
2020-09-07 23:33:05,"b'@pcgamer Seriously, does anyone even care what AMD is doing? #RTX3080 #RTXOn'"
2020-09-07 22:47:30,b'#RTX3090 #rtx3080 https://t.co/xw1p1CTO0r'
2020-09-07 22:34:59,b'RTX 3090 vs 3080 vs 3070 Performance &amp; Specs - RTX 30 Buyers Guide https://t.co/ENFxEblS4u\n#RTX3090 #RTX3080\xe2\x80\xa6 https://t.co/23oEIcKZMQ'
2020-09-07 22:28:38,b'RT @BFV_hiro306h: \xe3\x80\x90\xe5\xbf\x99\xe3\x81\x97\xe3\x81\x84\xe4\xba\xba\xe5\x90\x91\xe3\x81\x91\xe3\x80\x91\xef\xbc\x91\xe5\x88\x86\xe9\x96\x93\xe3\x81\xa7\xe3\x82\x8f\xe3\x81\x8b\xe3\x82\x8bRTX30\xe3\x82\xb7\xe3\x83\xaa\xe3\x83\xbc\xe3\x82\xba\xe8\xa7\xa3\xe8\xaa\xac\xe3\x80\x90\xe6\x96\xb0\xe4\xb8\x96\xe4\xbb\xa3GPU GeForce #RTX3090 #RTX3080 #RTX3070\xe3\x80\x91 https://t.co/tP8El21Y0G \n\n\xef\xbc\x90\xe6\x99\x82\xe3\x81\x8b\xe3\x82\x89\xe3\x83\x97\xe3\x83\xac\xe3\x83\x9f\xe3\x82\xa2\xe3\x83\xa0\xe5\x85\xac\xe9\x96\x8b\n\xe3\x81\xbb\xe3\x82\x93\xe3\x81\xa8\xe3\x81\xab\xe7\xb0\xa1\xe5\x8d\x98\xe3\x81\xab\xe5\x8b\xa2\xe3\x81\x84\xe3\x82\x88\xe3\x81\x8f\xe3\x81\xbe\xe3\x81\xa8\xe2\x80\xa6'
2020-09-07 22:12:54,"b'@SpartanGeekTV Bien drak, pero  voy por la #rtx3080 .'"
2020-09-07 22:03:47,b'Now that I\xe2\x80\x99m reviewing games for the channel too what games do you want to see reviewed? Not a whole lot of new gam\xe2\x80\xa6 https://t.co/g48p48eXFg'
2020-09-07 22:00:56,"b'DUAS VEZES MAIS POT\xc3\x8aNCIA, AUMENTO DE PERFORMANCE E MAIS MEM\xc3\x93RIA PARA APLICA\xc3\x87\xc3\x95ES GR\xc3\x81FICAS \xf0\x9f\x98\xb1\xf0\x9f\x98\xb1\xf0\x9f\x98\xb1\n\nDiz a\xc3\xad! Queria montar\xe2\x80\xa6 https://t.co/UlCfuK5HJ3'"
2020-09-07 21:55:17,b'\xe3\x81\x93\xe3\x81\xae\xe9\x9a\x9b\xe3\x80\x81PSVR2 PS5 RTX3080\xe3\x81\xbe\xe3\x81\xa8\xe3\x82\x81\xe3\x81\xa6\xe8\xb2\xb7\xe3\x81\x86\xe3\x81\x8b\xe3\x80\x82\n\n20\xe4\xb8\x87\xe3\x81\x82\xe3\x82\x8c\xe3\x81\xb0\xe8\xb6\xb3\xe3\x82\x8a\xe3\x82\x8b\xe3\x82\x84\xe3\x82\x8d\xef\xbc\x81\xe7\xb2\xbe\xe7\xa5\x9ewwwww\n\n#PS5\n#PSVR \n#rtx3080'
2020-09-07 21:22:07,"b'@IgorWallossek irgendwie sind alle Netzteilrechner der Meinung, dass mein 650W #bequiet f\xc3\xbcr die #rtx3080 reicht. Ab\xe2\x80\xa6 https://t.co/LOx6clPMHI'"
2020-09-07 20:42:54,b'10 more days... #RTX3080'
2020-09-07 20:39:47,b'#Nvidia #RTX3070 #RTX3080 #RTX3090 #Ampere #GeForce https://t.co/oJrAvLjSZK'
2020-09-07 20:23:40,b'#Nvidia #RTX3080 benchmark performance numbers.. #AMD RDNA 2 RX 6000 teaser.. Watch the video-\xe2\x80\xa6 https://t.co/PC1afROQAD'
2020-09-07 20:22:28,b'@NVIDIAGeForce @msigaming In my imagination i won this card #ultimateplay #Nvidia #RTX3080 https://t.co/AyK9ZLc1r1'
2020-09-07 20:15:52,"b""RT @JulienChieze: C'est le week-end \xf0\x9f\x8c\x9f #PS5 et #XboxSeriesX pr\xc3\xa9commandes limit\xc3\xa9es et exclusivit\xc3\xa9 la + s\xc3\xa9duisante ? #Mario ou #Link ? Passer\xe2\x80\xa6"""
2020-09-07 20:11:44,b'#CauchemarEnCuisine #psgom #pc #ps5 #PlayStation5  #NextGen #RTX3080 #gaming https://t.co/pwZSV8CHlM'
2020-09-07 20:08:15,b'Les boys #Nvidia #rtx #rtx3090 #RTX3080 #rtx3070 #RTXOn #benchmark #geforce #bench #userbench #gpu vous pouvez me d\xe2\x80\xa6 https://t.co/tNhX1a8H3k'
2020-09-07 19:43:40,b'RT @solar_constant_: -10 giorni \xf0\x9f\x98\x8d @NVIDIAGeForceIT \n\n#nvidia #RTX3080 https://t.co/GaJQq7zOOt'
2020-09-07 19:34:09,b'Nvidia Engineer talks about the RTX 3070 and RTX 2080 Ti\n#RTX3090 #RTX3080 #RTX3070\nhttps://t.co/UC2sFXWhK7 \xd8\xb9\xd8\xa8\xd8\xb1 You\xe2\x80\xa6 https://t.co/eV6QTyh5AJ'
2020-09-07 19:31:25,b'Les sp\xc3\xa9cifications officielles de la #rtx3080 d\xc3\xa9voil\xc3\xa9es\n\nhttps://t.co/9C7RCmQkOg'
2020-09-07 19:18:57,b'#RTX3080 https://t.co/SjqGTXl1Gd'
2020-09-07 18:10:45,b'Bei Nvidia so\n\n#RTX3080\n\nhttps://t.co/JAmPAHVcr5'
2020-09-07 18:05:09,"b'Aight ngl Nvidia kinda won me over from AMD, RTX 3080 or 3070 is on my list :D #rtx3070 #rtx3080'"
2020-09-07 17:54:16,b'Looking to get the NVIDIA GeForce RTX 30 Series internationally?\xf0\x9f\x98\x8dJoin the waitlist to place an order on 17 Septembe\xe2\x80\xa6 https://t.co/tAN4sGcthD'
2020-09-07 17:30:32,b'New case  @Phanteks \n#PCGaming #twitch #upgrade #RTX3080 #GIGABYTE https://t.co/voJo4RNsDD'
2020-09-07 17:27:32,b'\xce\x88\xce\xba\xce\xbb\xce\xb1\xcf\x88\xce\xb1 \xce\xbb\xce\xb9\xce\xb3\xce\xac\xce\xba\xce\xb9 \xf0\x9f\x98\x82\n#RTX3080 https://t.co/hVHQZsDpqu'
2020-09-07 17:23:57,"b""D'autres benchmarks #RTX3080 qui confirment ce qui \xc3\xa9tait annonc\xc3\xa9 par Nvidia... en attendant Digital Foundry &amp; co \nhttps://t.co/DCYCQfe8ry"""
2020-09-07 17:12:00,b'RT @gr3n0lph: @OfficialPCMR AMD management when @nvidia\nUnveiled the #RTX3080 https://t.co/OzibAJPy0N'
2020-09-07 17:07:32,b'RTX rules \xf0\x9f\x91\x8d\n\n#RTX3080 #RTXOn #jugamer #ps5 #XboxOne https://t.co/JK4Vsobwso'
2020-09-07 16:56:20,b'Another upgrade has arrived! My wife is gonna be mad. Getting ready for the #asus #asusrog #nvidia #rtx3080 #gamer\xe2\x80\xa6 https://t.co/3naE3PKbnR'
2020-09-07 16:38:33,b'RT @Mnpctech: MZ1 Munky Reactor PC is a modified a CM Storm case by @CoolerMaster_NA @CoolerMaster \n\nIn shop early to get head start on Shi\xe2\x80\xa6'
2020-09-07 16:38:14,b'@OfficialPCMR AMD management when @nvidia\nUnveiled the #RTX3080 https://t.co/OzibAJPy0N'
2020-09-07 16:24:52,b'\xf0\x9f\x98\x82\xf0\x9f\xa4\xa3\xf0\x9f\x98\x82\xf0\x9f\xa4\xa3\xf0\x9f\x98\x82\xf0\x9f\xa4\xa3\nAMD finally understood that they are not able to compete with nvidia in GPUs market \xf0\x9f\x98\x81\n#Nvidia #RTXOn\xe2\x80\xa6 https://t.co/QG5VKYErsz'
2020-09-07 16:24:14,b'RT @ThePCPIT1: Giving this away! On our youtube channel follow this link to enter! https://t.co/bZtgDiwE4f\n\n#PCB #PCGamer #pcgaming #PCMR #\xe2\x80\xa6'
2020-09-07 16:20:20,b'RT @ThePCPIT1: Giving this away! On our youtube channel follow this link to enter! https://t.co/bZtgDiwE4f\n\n#PCB #PCGamer #pcgaming #PCMR #\xe2\x80\xa6'
2020-09-07 16:20:09,b'RT @ThePCPIT1: Giving this away! On our youtube channel follow this link to enter! https://t.co/bZtgDiwE4f\n\n#PCB #PCGamer #pcgaming #PCMR #\xe2\x80\xa6'
2020-09-07 16:19:56,b'RT @ThePCPIT1: Giving this away! On our youtube channel follow this link to enter! https://t.co/bZtgDiwE4f\n\n#PCB #PCGamer #pcgaming #PCMR #\xe2\x80\xa6'
2020-09-07 16:19:40,b'Giving this away! On our youtube channel follow this link to enter! https://t.co/bZtgDiwE4f\n\n#PCB #PCGamer\xe2\x80\xa6 https://t.co/4muMHnK4iQ'
2020-09-07 16:17:24,b'VFX artist or wot...#Nvidia #RTX3080 #vfxartist https://t.co/A7A98ycYH7'
2020-09-07 16:12:18,b'For more subscribe our YouTube channel \xf0\x9f\x98\x84\xe2\x99\xa5\xef\xb8\x8f\nhttps://t.co/BEgFs5rTcN\n#videogames #games #gamer #YouTube #gaming\xe2\x80\xa6 https://t.co/d1zk9eFpas'
2020-09-07 16:10:00,"b""Happy I didn't buy the 2080TI a few months ago. \n\nCan't decide between the RTX 3080 or 3090.\n\nOne in the middle wou\xe2\x80\xa6 https://t.co/vWx5a31SNp"""
2020-09-07 16:05:55,b'#Nvidia #RTX3090 #RTX3080 https://t.co/XFNZziIYOf'
2020-09-07 15:57:41,b'@asusrogde Darf es noch ein bisschen Mainboard zu Ihrer #RTX3080 sein? \xf0\x9f\x98\x85\xf0\x9f\x92\xaa\xf0\x9f\xa4\xa4'
2020-09-07 15:55:51,"b""#XboxSeriesX, #PlayStation5, #Nvidia next gen GPU's... choices choices!!\nIF - next gen was confirmed 100% 60fps sta\xe2\x80\xa6 https://t.co/Luo32yKMnI"""
2020-09-07 15:46:15,"b'People selling #RTX 2080 Ti #GPU s w/ the mentality they give obnoxiously great deal, yet most of those prices buy\xe2\x80\xa6 https://t.co/mRNX7hOH6S'"
2020-09-07 15:42:22,b'RT @Mnpctech: MZ1 Munky Reactor PC is a modified a CM Storm case by @CoolerMaster_NA @CoolerMaster \n\nIn shop early to get head start on Shi\xe2\x80\xa6'
2020-09-07 15:31:23,"b'How will feel those who, until agoust, paid more than 1000$ for an #RTX2080 graphics card when #Nvidia announced th\xe2\x80\xa6 https://t.co/9L1Q006hN8'"
2020-09-07 15:14:02,b'RT @BFV_hiro306h: \xe3\x80\x90\xe5\xbf\x99\xe3\x81\x97\xe3\x81\x84\xe4\xba\xba\xe5\x90\x91\xe3\x81\x91\xe3\x80\x91\xef\xbc\x91\xe5\x88\x86\xe9\x96\x93\xe3\x81\xa7\xe3\x82\x8f\xe3\x81\x8b\xe3\x82\x8bRTX30\xe3\x82\xb7\xe3\x83\xaa\xe3\x83\xbc\xe3\x82\xba\xe8\xa7\xa3\xe8\xaa\xac\xe3\x80\x90\xe6\x96\xb0\xe4\xb8\x96\xe4\xbb\xa3GPU GeForce #RTX3090 #RTX3080 #RTX3070\xe3\x80\x91 https://t.co/tP8El21Y0G \n\n\xef\xbc\x90\xe6\x99\x82\xe3\x81\x8b\xe3\x82\x89\xe3\x83\x97\xe3\x83\xac\xe3\x83\x9f\xe3\x82\xa2\xe3\x83\xa0\xe5\x85\xac\xe9\x96\x8b\n\xe3\x81\xbb\xe3\x82\x93\xe3\x81\xa8\xe3\x81\xab\xe7\xb0\xa1\xe5\x8d\x98\xe3\x81\xab\xe5\x8b\xa2\xe3\x81\x84\xe3\x82\x88\xe3\x81\x8f\xe3\x81\xbe\xe3\x81\xa8\xe2\x80\xa6'
