2020-09-10 07:45:57,"b""@NormanGenius @JulienChieze Non, pas pour une console, mais pour une carte #rtx3080 \xf0\x9f\x98\x8e ou une #RTX3090 si elle m'est\xe2\x80\xa6 https://t.co/v1PoCQlN62"""
2020-09-10 06:35:37,b'RT @cowcotland: [Maj-bis] Les tarifs des #MSI #RTX3080 et #RTX3090 en Euro sont l\xc3\xa0 https://t.co/2bNFxBLiWF https://t.co/F6wYzvX47Z'
2020-09-10 06:30:53,b'RT @cowcotland: [Maj-bis] Les tarifs des #MSI #RTX3080 et #RTX3090 en Euro sont l\xc3\xa0 https://t.co/2bNFxBLiWF https://t.co/F6wYzvX47Z'
2020-09-10 06:22:42,b'RT @cowcotland: [Maj-bis] Les tarifs des #MSI #RTX3080 et #RTX3090 en Euro sont l\xc3\xa0 https://t.co/2bNFxBLiWF https://t.co/F6wYzvX47Z'
2020-09-10 06:05:54,b'RT @cowcotland: [Maj-bis] Les tarifs des #MSI #RTX3080 et #RTX3090 en Euro sont l\xc3\xa0 https://t.co/2bNFxBLiWF https://t.co/F6wYzvX47Z'
2020-09-10 05:45:03,b'[Maj-bis] Les tarifs des #MSI #RTX3080 et #RTX3090 en Euro sont l\xc3\xa0 https://t.co/2bNFxBLiWF https://t.co/F6wYzvX47Z'
2020-09-09 19:26:05,b'#Zen3 : pr\xc3\xa9sentation le 8 octobre\n#Radeon6000 : pr\xc3\xa9sentation le 28 octobre\nOn verra donc selon les disponibilit\xc3\xa9s d\xe2\x80\xa6 https://t.co/Jff3YQbeAS'
2020-09-09 18:37:29,"b""RT @AldredEdge: Yo c'est Ryujin, aujourd'hui regardons le rendu fait aux versions #RTX3080 et #RTX3090 du c\xc3\xb4t\xc3\xa9 de MSI. Il reste fid\xc3\xa8le \xc3\xa0 eu\xe2\x80\xa6"""
2020-09-09 18:37:26,"b'RT @AldredEdge: Slt les gas, suite \xc3\xa0 la conf\xc3\xa9rence de #NVIDIA . On commence par Asus avec la version ROG strix de la #rtx3080 . Super desig\xe2\x80\xa6'"
2020-09-09 18:31:11,b'RT @cowcotland: [Maj] De nouveaux prix pour les #RTX3080 et #RTX3090 en Euro https://t.co/ol177NV69v https://t.co/ECC6ZfF1U5'
2020-09-09 16:44:09,b'@GamesSplasher @NVIDIAGeForceFR @msifrance Moi la #rtx3080  #UltimatePlay https://t.co/uB9KZQ3Z9W'
2020-09-09 16:37:08,b'@NVIDIAGeForceFR Je sens que d\xc3\xa8s le 17 septembre je quitte ce monde pour allez dans le monde des polygones grace a\xe2\x80\xa6 https://t.co/7SKUOw6yde'
2020-09-09 15:21:55,"b'@martindu77 Chaque sortie de consoles j arrive pas me d\xc3\xa9cider donc \xc3\xa7a sera #XboxSeriesX &amp; #Ps5.\nPour la RTX, faut v\xe2\x80\xa6 https://t.co/1Ag6uEq4AZ'"
2020-09-09 14:51:52,"b""Ok alors voil\xc3\xa0 ! Il n'y a que les cons qui ne changent pas d'avis, donc \xc3\xa7a sera la #XboxSeriesX et ensuite la\xe2\x80\xa6 https://t.co/aCj5LS9Obm"""
2020-09-09 13:50:53,"b'D\'autres benchmarks ""suppos\xc3\xa9s"" de la #RTX3080 :\n+30% par rapport \xc3\xa0 une 2080 Ti\n+50% par rapport \xc3\xa0 une 2080 Super\nhttps://t.co/A6soYpNLaU'"
2020-09-09 13:30:01,"b""C'est de toute beaut\xc3\xa9 \xf0\x9f\x92\x9a#Ultimateplay #RTX3080"""
2020-09-09 12:07:47,b'RT @cowcotland: [Maj] De nouveaux prix pour les #RTX3080 et #RTX3090 en Euro https://t.co/ol177NV69v https://t.co/ECC6ZfF1U5'
2020-09-09 12:06:33,b'[Maj] De nouveaux prix pour les #RTX3080 et #RTX3090 en Euro https://t.co/ol177NV69v https://t.co/ECC6ZfF1U5'
2020-09-09 11:48:15,b'La #GeForce #rtx3080 de #Nvidia explose les premiers tests ! https://t.co/rJH6a8ftUJ'
2020-09-08 20:27:05,"b""RT @cowcotland: Les #RTX3090 et #RTX3080 s'affichent avec des tarifs en Euro (et \xc3\xa7a tape fort) https://t.co/0s6ycF8YPA https://t.co/inltYyQ\xe2\x80\xa6"""
2020-09-08 19:51:03,"b'@CaroleQuintaine Si la console co\xc3\xbbte 600\xe2\x82\xac, pour juste 120\xe2\x82\xac de plus minimum bcp de gamers upgraderont leur PC avec la #RTX3080 #BlaBlaGame'"
2020-09-08 19:00:33,"b""RT @JulienChieze: C'est le week-end \xf0\x9f\x8c\x9f #PS5 et #XboxSeriesX pr\xc3\xa9commandes limit\xc3\xa9es et exclusivit\xc3\xa9 la + s\xc3\xa9duisante ? #Mario ou #Link ? Passer\xe2\x80\xa6"""
2020-09-08 18:55:28,"b""RT @cowcotland: Les #RTX3090 et #RTX3080 s'affichent avec des tarifs en Euro (et \xc3\xa7a tape fort) https://t.co/0s6ycF8YPA https://t.co/inltYyQ\xe2\x80\xa6"""
2020-09-08 15:24:17,"b""J'ai tout de m\xc3\xaame une petite pens\xc3\xa9e \xc3\xa9mue pour les gens qui ont achet\xc3\xa9 une #RTX2080Ti r\xc3\xa9cemment, au vu des performan\xe2\x80\xa6 https://t.co/5W0LGKNV8K"""
2020-09-08 12:18:21,b'On a litt\xc3\xa9ralement eu les prix de la #XboxSeriesS et de la #rtx3080 avant la #PS5 et la #XboxSeriesX \xf0\x9f\x98\xad\xf0\x9f\x98\xad\nPlayStation bougez vous le cul \xf0\x9f\x98\x82\xf0\x9f\x98\x82'
2020-09-08 10:52:15,"b""RT @JulienChieze: C'est le week-end \xf0\x9f\x8c\x9f #PS5 et #XboxSeriesX pr\xc3\xa9commandes limit\xc3\xa9es et exclusivit\xc3\xa9 la + s\xc3\xa9duisante ? #Mario ou #Link ? Passer\xe2\x80\xa6"""
2020-09-08 09:51:50,"b""RT @cowcotland: Les #RTX3090 et #RTX3080 s'affichent avec des tarifs en Euro (et \xc3\xa7a tape fort) https://t.co/0s6ycF8YPA https://t.co/inltYyQ\xe2\x80\xa6"""
2020-09-08 09:27:08,"b""RT @cowcotland: Les #RTX3090 et #RTX3080 s'affichent avec des tarifs en Euro (et \xc3\xa7a tape fort) https://t.co/0s6ycF8YPA https://t.co/inltYyQ\xe2\x80\xa6"""
2020-09-08 09:14:25,"b""RT @cowcotland: Les #RTX3090 et #RTX3080 s'affichent avec des tarifs en Euro (et \xc3\xa7a tape fort) https://t.co/0s6ycF8YPA https://t.co/inltYyQ\xe2\x80\xa6"""
2020-09-08 09:13:33,b'RT @cowcotland: #EKWB nous parle du PCB de r\xc3\xa9f\xc3\xa9rence des #RTX3090 et #RTX3080 https://t.co/RYdFPBxWfP https://t.co/r8Dqdk1DiV'
2020-09-08 09:12:10,b'RT @cowcotland: #Bykski annonce ses waterblocks pour les #RTX3090 et #RTX3080 https://t.co/z2fQCEns3H https://t.co/6egTrNsMHw'
2020-09-08 09:03:57,"b""RT @cowcotland: Les #RTX3090 et #RTX3080 s'affichent avec des tarifs en Euro (et \xc3\xa7a tape fort) https://t.co/0s6ycF8YPA https://t.co/inltYyQ\xe2\x80\xa6"""
2020-09-08 08:50:06,"b""RT @cowcotland: Les #RTX3090 et #RTX3080 s'affichent avec des tarifs en Euro (et \xc3\xa7a tape fort) https://t.co/0s6ycF8YPA https://t.co/inltYyQ\xe2\x80\xa6"""
2020-09-08 08:46:57,"b""RT @cowcotland: Les #RTX3090 et #RTX3080 s'affichent avec des tarifs en Euro (et \xc3\xa7a tape fort) https://t.co/0s6ycF8YPA https://t.co/inltYyQ\xe2\x80\xa6"""
2020-09-08 08:45:44,"b""RT @cowcotland: Les #RTX3090 et #RTX3080 s'affichent avec des tarifs en Euro (et \xc3\xa7a tape fort) https://t.co/0s6ycF8YPA https://t.co/inltYyQ\xe2\x80\xa6"""
2020-09-08 08:41:02,"b""RT @cowcotland: Les #RTX3090 et #RTX3080 s'affichent avec des tarifs en Euro (et \xc3\xa7a tape fort) https://t.co/0s6ycF8YPA https://t.co/inltYyQ\xe2\x80\xa6"""
2020-09-08 08:37:02,"b""Les #RTX3090 et #RTX3080 s'affichent avec des tarifs en Euro (et \xc3\xa7a tape fort) https://t.co/0s6ycF8YPA https://t.co/inltYyQCgZ"""
2020-09-08 07:18:34,b'#Bykski annonce ses waterblocks pour les #RTX3090 et #RTX3080 https://t.co/z2fQCEns3H https://t.co/6egTrNsMHw'
2020-09-08 05:36:17,b'RT @cowcotland: #EKWB nous parle du PCB de r\xc3\xa9f\xc3\xa9rence des #RTX3090 et #RTX3080 https://t.co/RYdFPBxWfP https://t.co/r8Dqdk1DiV'
2020-09-08 05:16:03,b'#EKWB nous parle du PCB de r\xc3\xa9f\xc3\xa9rence des #RTX3090 et #RTX3080 https://t.co/RYdFPBxWfP https://t.co/r8Dqdk1DiV'
2020-09-07 20:15:52,"b""RT @JulienChieze: C'est le week-end \xf0\x9f\x8c\x9f #PS5 et #XboxSeriesX pr\xc3\xa9commandes limit\xc3\xa9es et exclusivit\xc3\xa9 la + s\xc3\xa9duisante ? #Mario ou #Link ? Passer\xe2\x80\xa6"""
2020-09-07 20:08:15,b'Les boys #Nvidia #rtx #rtx3090 #RTX3080 #rtx3070 #RTXOn #benchmark #geforce #bench #userbench #gpu vous pouvez me d\xe2\x80\xa6 https://t.co/tNhX1a8H3k'
2020-09-07 19:31:25,b'Les sp\xc3\xa9cifications officielles de la #rtx3080 d\xc3\xa9voil\xc3\xa9es\n\nhttps://t.co/9C7RCmQkOg'
2020-09-07 17:23:57,"b""D'autres benchmarks #RTX3080 qui confirment ce qui \xc3\xa9tait annonc\xc3\xa9 par Nvidia... en attendant Digital Foundry &amp; co \nhttps://t.co/DCYCQfe8ry"""
2020-09-07 14:53:22,"b""RT @JulienChieze: C'est le week-end \xf0\x9f\x8c\x9f #PS5 et #XboxSeriesX pr\xc3\xa9commandes limit\xc3\xa9es et exclusivit\xc3\xa9 la + s\xc3\xa9duisante ? #Mario ou #Link ? Passer\xe2\x80\xa6"""
2020-09-07 14:25:11,b'Mon setup est la \xf0\x9f\x98\x8d\xf0\x9f\x98\x8d sauf #rtx3080 mais on va la monter en live !! Rejoignez moi sur twitch dans 30 mn \xf0\x9f\x98\x87\xe2\x80\xa6 https://t.co/xlMEFGWNbl'
2020-09-07 14:09:15,b'Situation actuelle : attendre les benchmarks des #RTX3080 et #RTX3090 pour savoir si je me dirige vers un \xc3\xa9cran 4K\xe2\x80\xa6 https://t.co/9pySlQJtNr'
2020-09-07 13:01:00,"b""16h45, vid\xc3\xa9o du jour pour parler de la pr\xc3\xa9sentation des cartes rtx30 par Nvidia et de l'\xc3\xa9ventuel impact sur les ven\xe2\x80\xa6 https://t.co/AFKPJKFqOH"""
2020-09-07 11:31:17,"b""La 3080 est moche je l'ach\xc3\xa8terai jamais. #nvidia #geforce #rtx3080 #msi"""
2020-09-07 11:19:00,b'Pour 2000\xe2\x82\xac vous choisissez : \n-  une TV #Oled HDMI 2.1+ Console #nextgen\n- un PC hardcore gamer sans \xc3\xa9cran avec une\xe2\x80\xa6 https://t.co/ckjfMDWejg'
2020-09-07 10:58:06,b'Les premiers benchmarks de la #RTX3080 donnent des r\xc3\xa9sultats sup\xc3\xa9rieurs de minimum 20% \xc3\xa0 ceux de la #TitanRTX vendu\xe2\x80\xa6 https://t.co/ywoQWjxggZ'
2020-09-07 10:55:31,"b""RT @Bet365Profits: J'entends bcp dire que les consoles next gen #PS5 et #XboxSeriesX co\xc3\xbbteront moins cher qu'un PC \xc3\xa0 base de #rtx3080, c'es\xe2\x80\xa6"""
2020-09-07 10:49:33,"b""J'entends bcp dire que les consoles next gen #PS5 et #XboxSeriesX co\xc3\xbbteront moins cher qu'un PC \xc3\xa0 base de #rtx3080,\xe2\x80\xa6 https://t.co/QhSkCUVOWy"""
2020-09-07 10:29:37,"b""RT @JulienChieze: C'est le week-end \xf0\x9f\x8c\x9f #PS5 et #XboxSeriesX pr\xc3\xa9commandes limit\xc3\xa9es et exclusivit\xc3\xa9 la + s\xc3\xa9duisante ? #Mario ou #Link ? Passer\xe2\x80\xa6"""
2020-09-07 09:29:23,"b'RT @cowcotland: #NVIDIA #GeForce #RTX3080 : Explosion des Cuda Cores, mais pas des RT Cores et Tensor Cores https://t.co/pi8dR6Rns6 https:/\xe2\x80\xa6'"
2020-09-07 09:28:18,"b'RT @cowcotland: #NVIDIA #GeForce #RTX3080 : Explosion des Cuda Cores, mais pas des RT Cores et Tensor Cores https://t.co/WOpWjyEKdb https:/\xe2\x80\xa6'"
2020-09-07 09:12:46,"b""RT @JulienChieze: C'est le week-end \xf0\x9f\x8c\x9f #PS5 et #XboxSeriesX pr\xc3\xa9commandes limit\xc3\xa9es et exclusivit\xc3\xa9 la + s\xc3\xa9duisante ? #Mario ou #Link ? Passer\xe2\x80\xa6"""
2020-09-07 08:21:22,b'Yo vid\xc3\xa9o dispo sur ma chaine YouTube ^^\nhttps://t.co/2XpROPAaBa\n\n#nvidia #RTX3090 #RTX3080 #rtx3000 #RTX https://t.co/I5i7XArGhf'
2020-09-07 08:19:35,"b'RT @cowcotland: #NVIDIA #GeForce #RTX3080 : Explosion des Cuda Cores, mais pas des RT Cores et Tensor Cores https://t.co/pi8dR6Rns6 https:/\xe2\x80\xa6'"
2020-09-07 08:18:31,"b'RT @cowcotland: #NVIDIA #GeForce #RTX3080 : Explosion des Cuda Cores, mais pas des RT Cores et Tensor Cores https://t.co/WOpWjyEKdb https:/\xe2\x80\xa6'"
2020-09-07 08:06:03,"b'#NVIDIA #GeForce #RTX3080 : Explosion des Cuda Cores, mais pas des RT Cores et Tensor Cores https://t.co/pi8dR6Rns6 https://t.co/8IhuGg29WO'"
2020-09-07 07:52:19,"b'RT @cowcotland: #NVIDIA #GeForce #RTX3080 : Explosion des Cuda Cores, mais pas des RT Cores et Tensor Cores https://t.co/WOpWjyEKdb https:/\xe2\x80\xa6'"
2020-09-07 07:51:34,"b'#NVIDIA #GeForce #RTX3080 : Explosion des Cuda Cores, mais pas des RT Cores et Tensor Cores https://t.co/WOpWjyEKdb https://t.co/H4ozugWcA5'"
2020-09-07 07:39:51,b'#PCGamer #RTX3080 peux ton me dire se que je doit changer sur ma configuration pour passer \xc3\xa0 la #RTX3080 https://t.co/sUQQ1EJQKW'
2020-09-07 07:35:30,"b""RT @CrossPlayfr: Apr\xc3\xa8s #PlayStation et #Xbox, c'est au tour de #NVIDIA de pr\xc3\xa9senter ces plans pour la nouvelle g\xc3\xa9n\xc3\xa9ration de jeux \xc3\xa0 venir !\xe2\x80\xa6"""
2020-09-07 07:00:29,"b""Apr\xc3\xa8s #PlayStation et #Xbox, c'est au tour de #NVIDIA de pr\xc3\xa9senter ces plans pour la nouvelle g\xc3\xa9n\xc3\xa9ration de jeux \xc3\xa0\xe2\x80\xa6 https://t.co/o49W4ar15V"""
2020-09-07 05:27:23,"b""RT @cowcotland: Les #ZOTAC #RTX3080 et #RTX3090 Trinity s'affichent avec des tarifs en USD https://t.co/g5imUEMDq3 https://t.co/FkrJ24OufZ"""
2020-09-07 00:18:00,"b""Nouvelle vid\xc3\xa9o d\xc3\xa9brief sur l'event NVIDIA d'hier !\n\nOn passe en revue les trois cartes graphiques MONSTRUEUSES sort\xe2\x80\xa6 https://t.co/nenJPtR72V"""
2020-09-06 22:33:46,b'RT @danivempire666: Ne pas craquer ne pas craquer...\n#RTX3080 #nvidia\n\n#stream #twitch #SupportSmallStreams #PetitsStreamers #FrenchStream\xe2\x80\xa6'
2020-09-06 19:55:44,"b""RT @JulienChieze: C'est le week-end \xf0\x9f\x8c\x9f #PS5 et #XboxSeriesX pr\xc3\xa9commandes limit\xc3\xa9es et exclusivit\xc3\xa9 la + s\xc3\xa9duisante ? #Mario ou #Link ? Passer\xe2\x80\xa6"""
2020-09-06 19:51:00,b'RIP LA PS5 #RTX3080 \xf0\x9f\x98\x82'
2020-09-06 19:18:53,"b""\xf0\x9f\x87\xab\xf0\x9f\x87\xb7 Entre mon futur upgrade avec la #RTX3080 et mon nouveau fond d'\xc3\xa9cran, ma tour PC se pr\xc3\xa9pare pour la sortie de\xe2\x80\xa6 https://t.co/XWNUj5Wb4G"""
2020-09-06 19:08:40,"b""RT @cowcotland: Les #ZOTAC #RTX3080 et #RTX3090 Trinity s'affichent avec des tarifs en USD https://t.co/g5imUEMDq3 https://t.co/FkrJ24OufZ"""
2020-09-06 19:06:33,"b""Les #ZOTAC #RTX3080 et #RTX3090 Trinity s'affichent avec des tarifs en USD https://t.co/g5imUEMDq3 https://t.co/FkrJ24OufZ"""
2020-09-06 18:04:20,b'@NVIDIAGeForceFR est il possible de sortir une version des #rtx3080 avec un port #virtuallink usb-c ? Le casque #VR\xe2\x80\xa6 https://t.co/Ch4zaQuZca'
2020-09-06 17:46:38,"b""RT @JulienChieze: C'est le week-end \xf0\x9f\x8c\x9f #PS5 et #XboxSeriesX pr\xc3\xa9commandes limit\xc3\xa9es et exclusivit\xc3\xa9 la + s\xc3\xa9duisante ? #Mario ou #Link ? Passer\xe2\x80\xa6"""
2020-09-06 17:03:52,b'@NVIDIAGeForceFR @ZOTAC est il possible de sortir une version des #rtx3080 avec un port #virtuallink usb-c ? Le cas\xe2\x80\xa6 https://t.co/9UIx2MnVv7'
2020-09-06 16:00:49,"b""RT @JulienChieze: C'est le week-end \xf0\x9f\x8c\x9f #PS5 et #XboxSeriesX pr\xc3\xa9commandes limit\xc3\xa9es et exclusivit\xc3\xa9 la + s\xc3\xa9duisante ? #Mario ou #Link ? Passer\xe2\x80\xa6"""
2020-09-06 15:37:51,"b""RT @JulienChieze: C'est le week-end \xf0\x9f\x8c\x9f #PS5 et #XboxSeriesX pr\xc3\xa9commandes limit\xc3\xa9es et exclusivit\xc3\xa9 la + s\xc3\xa9duisante ? #Mario ou #Link ? Passer\xe2\x80\xa6"""
2020-09-06 15:30:52,"b""RT @JulienChieze: C'est le week-end \xf0\x9f\x8c\x9f #PS5 et #XboxSeriesX pr\xc3\xa9commandes limit\xc3\xa9es et exclusivit\xc3\xa9 la + s\xc3\xa9duisante ? #Mario ou #Link ? Passer\xe2\x80\xa6"""
2020-09-06 15:24:50,"b""RT @JulienChieze: C'est le week-end \xf0\x9f\x8c\x9f #PS5 et #XboxSeriesX pr\xc3\xa9commandes limit\xc3\xa9es et exclusivit\xc3\xa9 la + s\xc3\xa9duisante ? #Mario ou #Link ? Passer\xe2\x80\xa6"""
2020-09-06 15:00:53,b'RT @danivempire666: Ne pas craquer ne pas craquer...\n#RTX3080 #nvidia\n\n#stream #twitch #SupportSmallStreams #PetitsStreamers #FrenchStream\xe2\x80\xa6'
2020-09-06 14:43:46,"b""RT @JulienChieze: C'est le week-end \xf0\x9f\x8c\x9f #PS5 et #XboxSeriesX pr\xc3\xa9commandes limit\xc3\xa9es et exclusivit\xc3\xa9 la + s\xc3\xa9duisante ? #Mario ou #Link ? Passer\xe2\x80\xa6"""
2020-09-06 14:38:26,b'RT @danivempire666: Ne pas craquer ne pas craquer...\n#RTX3080 #nvidia\n\n#stream #twitch #SupportSmallStreams #PetitsStreamers #FrenchStream\xe2\x80\xa6'
2020-09-06 14:32:29,b'RT @Clubic: Quelles performances ?\n\nLa #RTX3070 embarquera 8 Go de m\xc3\xa9moire GDDR6 et devrait \xc3\xaatre 60% plus performante que la #RTX2070\nLa #R\xe2\x80\xa6'
2020-09-06 14:32:25,"b""RT @Clubic: Quel prix ?\n\nLa #RTX3070 sera propos\xc3\xa9e, dans sa founder's edition, \xc3\xa0 partir de 519\xe2\x82\xac (soit 50% moins cher que la RTX2080 Ti) \xf0\x9f\x91\x80\nL\xe2\x80\xa6"""
2020-09-06 14:32:21,b'RT @Clubic: Quelle date de sortie ?\n\nLa #RTX3070 est attendue courant Octobre.\nLa #RTX3080 est attendue pour le 17 Septembre.\nLa #RTX3090 e\xe2\x80\xa6'
2020-09-06 14:28:41,b'RT @danivempire666: Ne pas craquer ne pas craquer...\n#RTX3080 #nvidia\n\n#stream #twitch #SupportSmallStreams #PetitsStreamers #FrenchStream\xe2\x80\xa6'
2020-09-06 14:17:13,b'Ne pas craquer ne pas craquer...\n#RTX3080 #nvidia\n\n#stream #twitch #SupportSmallStreams #PetitsStreamers\xe2\x80\xa6 https://t.co/Rk94uti44c'
2020-09-06 13:09:34,"b""RT @JulienChieze: C'est le week-end \xf0\x9f\x8c\x9f #PS5 et #XboxSeriesX pr\xc3\xa9commandes limit\xc3\xa9es et exclusivit\xc3\xa9 la + s\xc3\xa9duisante ? #Mario ou #Link ? Passer\xe2\x80\xa6"""
2020-09-06 12:06:23,"b""RT @JulienChieze: C'est le week-end \xf0\x9f\x8c\x9f #PS5 et #XboxSeriesX pr\xc3\xa9commandes limit\xc3\xa9es et exclusivit\xc3\xa9 la + s\xc3\xa9duisante ? #Mario ou #Link ? Passer\xe2\x80\xa6"""
2020-09-06 12:03:46,"b'RT @mikhardware: CAP ou pas CAP ? Commentes, Abonnes toi et Partages le post.\nCherches le #hashtag cach\xc3\xa9 dans la derni\xc3\xa8re vid\xc3\xa9o, commentes\xe2\x80\xa6'"
2020-09-06 11:48:10,"b""RT @JulienChieze: C'est le week-end \xf0\x9f\x8c\x9f #PS5 et #XboxSeriesX pr\xc3\xa9commandes limit\xc3\xa9es et exclusivit\xc3\xa9 la + s\xc3\xa9duisante ? #Mario ou #Link ? Passer\xe2\x80\xa6"""
2020-09-06 11:31:32,"b""RT @JulienChieze: C'est le week-end \xf0\x9f\x8c\x9f #PS5 et #XboxSeriesX pr\xc3\xa9commandes limit\xc3\xa9es et exclusivit\xc3\xa9 la + s\xc3\xa9duisante ? #Mario ou #Link ? Passer\xe2\x80\xa6"""
2020-09-06 11:02:06,"b""J'ose m\xc3\xaame pas imaginer le niveau de supersampling possible en #VR avec une #RTX3080 \xc3\xa7a risque de claquer la r\xc3\xa9tine et pas qu'un peu."""
2020-09-06 10:58:56,"b""RT @JulienChieze: C'est le week-end \xf0\x9f\x8c\x9f #PS5 et #XboxSeriesX pr\xc3\xa9commandes limit\xc3\xa9es et exclusivit\xc3\xa9 la + s\xc3\xa9duisante ? #Mario ou #Link ? Passer\xe2\x80\xa6"""
2020-09-06 10:53:17,"b""RT @JulienChieze: C'est le week-end \xf0\x9f\x8c\x9f #PS5 et #XboxSeriesX pr\xc3\xa9commandes limit\xc3\xa9es et exclusivit\xc3\xa9 la + s\xc3\xa9duisante ? #Mario ou #Link ? Passer\xe2\x80\xa6"""
2020-09-06 10:51:41,"b""RT @JulienChieze: C'est le week-end \xf0\x9f\x8c\x9f #PS5 et #XboxSeriesX pr\xc3\xa9commandes limit\xc3\xa9es et exclusivit\xc3\xa9 la + s\xc3\xa9duisante ? #Mario ou #Link ? Passer\xe2\x80\xa6"""
2020-09-06 10:17:55,"b""RT @JulienChieze: C'est le week-end \xf0\x9f\x8c\x9f #PS5 et #XboxSeriesX pr\xc3\xa9commandes limit\xc3\xa9es et exclusivit\xc3\xa9 la + s\xc3\xa9duisante ? #Mario ou #Link ? Passer\xe2\x80\xa6"""
2020-09-06 10:04:13,"b""RT @JulienChieze: C'est le week-end \xf0\x9f\x8c\x9f #PS5 et #XboxSeriesX pr\xc3\xa9commandes limit\xc3\xa9es et exclusivit\xc3\xa9 la + s\xc3\xa9duisante ? #Mario ou #Link ? Passer\xe2\x80\xa6"""
2020-09-06 09:56:26,"b""RT @JulienChieze: C'est le week-end \xf0\x9f\x8c\x9f #PS5 et #XboxSeriesX pr\xc3\xa9commandes limit\xc3\xa9es et exclusivit\xc3\xa9 la + s\xc3\xa9duisante ? #Mario ou #Link ? Passer\xe2\x80\xa6"""
2020-09-06 09:54:08,"b""RT @JulienChieze: C'est le week-end \xf0\x9f\x8c\x9f #PS5 et #XboxSeriesX pr\xc3\xa9commandes limit\xc3\xa9es et exclusivit\xc3\xa9 la + s\xc3\xa9duisante ? #Mario ou #Link ? Passer\xe2\x80\xa6"""
2020-09-06 09:48:37,b'Tr\xc3\xa8s bonne vid\xc3\xa9o sur la compatibilit\xc3\xa9 RTX3080 et le PCIe Gen 3. A regarder ! \n@BluntNate\n@NVIDIAGeForceFR\xe2\x80\xa6 https://t.co/CaQgbhscjG'
2020-09-06 09:25:25,"b""RT @JulienChieze: C'est le week-end \xf0\x9f\x8c\x9f #PS5 et #XboxSeriesX pr\xc3\xa9commandes limit\xc3\xa9es et exclusivit\xc3\xa9 la + s\xc3\xa9duisante ? #Mario ou #Link ? Passer\xe2\x80\xa6"""
2020-09-06 09:24:08,"b""RT @JulienChieze: C'est le week-end \xf0\x9f\x8c\x9f #PS5 et #XboxSeriesX pr\xc3\xa9commandes limit\xc3\xa9es et exclusivit\xc3\xa9 la + s\xc3\xa9duisante ? #Mario ou #Link ? Passer\xe2\x80\xa6"""
2020-09-06 09:23:48,"b""RT @JulienChieze: C'est le week-end \xf0\x9f\x8c\x9f #PS5 et #XboxSeriesX pr\xc3\xa9commandes limit\xc3\xa9es et exclusivit\xc3\xa9 la + s\xc3\xa9duisante ? #Mario ou #Link ? Passer\xe2\x80\xa6"""
2020-09-06 09:15:53,"b""RT @JulienChieze: C'est le week-end \xf0\x9f\x8c\x9f #PS5 et #XboxSeriesX pr\xc3\xa9commandes limit\xc3\xa9es et exclusivit\xc3\xa9 la + s\xc3\xa9duisante ? #Mario ou #Link ? Passer\xe2\x80\xa6"""
2020-09-06 09:06:58,"b""RT @JulienChieze: C'est le week-end \xf0\x9f\x8c\x9f #PS5 et #XboxSeriesX pr\xc3\xa9commandes limit\xc3\xa9es et exclusivit\xc3\xa9 la + s\xc3\xa9duisante ? #Mario ou #Link ? Passer\xe2\x80\xa6"""
2020-09-06 09:00:38,"b""RT @JulienChieze: C'est le week-end \xf0\x9f\x8c\x9f #PS5 et #XboxSeriesX pr\xc3\xa9commandes limit\xc3\xa9es et exclusivit\xc3\xa9 la + s\xc3\xa9duisante ? #Mario ou #Link ? Passer\xe2\x80\xa6"""
2020-09-06 08:51:24,"b""RT @JulienChieze: C'est le week-end \xf0\x9f\x8c\x9f #PS5 et #XboxSeriesX pr\xc3\xa9commandes limit\xc3\xa9es et exclusivit\xc3\xa9 la + s\xc3\xa9duisante ? #Mario ou #Link ? Passer\xe2\x80\xa6"""
2020-09-06 08:47:05,"b""RT @JulienChieze: C'est le week-end \xf0\x9f\x8c\x9f #PS5 et #XboxSeriesX pr\xc3\xa9commandes limit\xc3\xa9es et exclusivit\xc3\xa9 la + s\xc3\xa9duisante ? #Mario ou #Link ? Passer\xe2\x80\xa6"""
2020-09-06 08:46:38,"b""RT @JulienChieze: C'est le week-end \xf0\x9f\x8c\x9f #PS5 et #XboxSeriesX pr\xc3\xa9commandes limit\xc3\xa9es et exclusivit\xc3\xa9 la + s\xc3\xa9duisante ? #Mario ou #Link ? Passer\xe2\x80\xa6"""
2020-09-06 08:40:11,"b""RT @JulienChieze: C'est le week-end \xf0\x9f\x8c\x9f #PS5 et #XboxSeriesX pr\xc3\xa9commandes limit\xc3\xa9es et exclusivit\xc3\xa9 la + s\xc3\xa9duisante ? #Mario ou #Link ? Passer\xe2\x80\xa6"""
2020-09-06 08:39:52,"b""RT @JulienChieze: C'est le week-end \xf0\x9f\x8c\x9f #PS5 et #XboxSeriesX pr\xc3\xa9commandes limit\xc3\xa9es et exclusivit\xc3\xa9 la + s\xc3\xa9duisante ? #Mario ou #Link ? Passer\xe2\x80\xa6"""
2020-09-06 08:33:13,"b""RT @JulienChieze: C'est le week-end \xf0\x9f\x8c\x9f #PS5 et #XboxSeriesX pr\xc3\xa9commandes limit\xc3\xa9es et exclusivit\xc3\xa9 la + s\xc3\xa9duisante ? #Mario ou #Link ? Passer\xe2\x80\xa6"""
2020-09-06 08:30:34,"b""RT @JulienChieze: C'est le week-end \xf0\x9f\x8c\x9f #PS5 et #XboxSeriesX pr\xc3\xa9commandes limit\xc3\xa9es et exclusivit\xc3\xa9 la + s\xc3\xa9duisante ? #Mario ou #Link ? Passer\xe2\x80\xa6"""
2020-09-06 08:19:53,"b""RT @JulienChieze: C'est le week-end \xf0\x9f\x8c\x9f #PS5 et #XboxSeriesX pr\xc3\xa9commandes limit\xc3\xa9es et exclusivit\xc3\xa9 la + s\xc3\xa9duisante ? #Mario ou #Link ? Passer\xe2\x80\xa6"""
2020-09-06 08:17:07,"b""RT @JulienChieze: C'est le week-end \xf0\x9f\x8c\x9f #PS5 et #XboxSeriesX pr\xc3\xa9commandes limit\xc3\xa9es et exclusivit\xc3\xa9 la + s\xc3\xa9duisante ? #Mario ou #Link ? Passer\xe2\x80\xa6"""
2020-09-06 08:16:49,"b""RT @JulienChieze: C'est le week-end \xf0\x9f\x8c\x9f #PS5 et #XboxSeriesX pr\xc3\xa9commandes limit\xc3\xa9es et exclusivit\xc3\xa9 la + s\xc3\xa9duisante ? #Mario ou #Link ? Passer\xe2\x80\xa6"""
2020-09-06 08:15:22,"b""RT @JulienChieze: C'est le week-end \xf0\x9f\x8c\x9f #PS5 et #XboxSeriesX pr\xc3\xa9commandes limit\xc3\xa9es et exclusivit\xc3\xa9 la + s\xc3\xa9duisante ? #Mario ou #Link ? Passer\xe2\x80\xa6"""
2020-09-06 08:12:11,"b""RT @JulienChieze: C'est le week-end \xf0\x9f\x8c\x9f #PS5 et #XboxSeriesX pr\xc3\xa9commandes limit\xc3\xa9es et exclusivit\xc3\xa9 la + s\xc3\xa9duisante ? #Mario ou #Link ? Passer\xe2\x80\xa6"""
2020-09-06 08:09:45,"b""RT @JulienChieze: C'est le week-end \xf0\x9f\x8c\x9f #PS5 et #XboxSeriesX pr\xc3\xa9commandes limit\xc3\xa9es et exclusivit\xc3\xa9 la + s\xc3\xa9duisante ? #Mario ou #Link ? Passer\xe2\x80\xa6"""
2020-09-06 08:06:32,"b""RT @JulienChieze: C'est le week-end \xf0\x9f\x8c\x9f #PS5 et #XboxSeriesX pr\xc3\xa9commandes limit\xc3\xa9es et exclusivit\xc3\xa9 la + s\xc3\xa9duisante ? #Mario ou #Link ? Passer\xe2\x80\xa6"""
2020-09-06 08:06:26,"b""RT @JulienChieze: C'est le week-end \xf0\x9f\x8c\x9f #PS5 et #XboxSeriesX pr\xc3\xa9commandes limit\xc3\xa9es et exclusivit\xc3\xa9 la + s\xc3\xa9duisante ? #Mario ou #Link ? Passer\xe2\x80\xa6"""
2020-09-06 08:06:12,"b""RT @JulienChieze: C'est le week-end \xf0\x9f\x8c\x9f #PS5 et #XboxSeriesX pr\xc3\xa9commandes limit\xc3\xa9es et exclusivit\xc3\xa9 la + s\xc3\xa9duisante ? #Mario ou #Link ? Passer\xe2\x80\xa6"""
2020-09-06 08:04:56,"b""RT @JulienChieze: C'est le week-end \xf0\x9f\x8c\x9f #PS5 et #XboxSeriesX pr\xc3\xa9commandes limit\xc3\xa9es et exclusivit\xc3\xa9 la + s\xc3\xa9duisante ? #Mario ou #Link ? Passer\xe2\x80\xa6"""
2020-09-06 08:02:31,"b""RT @JulienChieze: C'est le week-end \xf0\x9f\x8c\x9f #PS5 et #XboxSeriesX pr\xc3\xa9commandes limit\xc3\xa9es et exclusivit\xc3\xa9 la + s\xc3\xa9duisante ? #Mario ou #Link ? Passer\xe2\x80\xa6"""
2020-09-06 08:01:55,"b""RT @JulienChieze: C'est le week-end \xf0\x9f\x8c\x9f #PS5 et #XboxSeriesX pr\xc3\xa9commandes limit\xc3\xa9es et exclusivit\xc3\xa9 la + s\xc3\xa9duisante ? #Mario ou #Link ? Passer\xe2\x80\xa6"""
2020-09-06 08:00:38,"b""RT @JulienChieze: C'est le week-end \xf0\x9f\x8c\x9f #PS5 et #XboxSeriesX pr\xc3\xa9commandes limit\xc3\xa9es et exclusivit\xc3\xa9 la + s\xc3\xa9duisante ? #Mario ou #Link ? Passer\xe2\x80\xa6"""
2020-09-06 07:59:46,"b""RT @JulienChieze: C'est le week-end \xf0\x9f\x8c\x9f #PS5 et #XboxSeriesX pr\xc3\xa9commandes limit\xc3\xa9es et exclusivit\xc3\xa9 la + s\xc3\xa9duisante ? #Mario ou #Link ? Passer\xe2\x80\xa6"""
2020-09-06 07:59:32,"b""RT @JulienChieze: C'est le week-end \xf0\x9f\x8c\x9f #PS5 et #XboxSeriesX pr\xc3\xa9commandes limit\xc3\xa9es et exclusivit\xc3\xa9 la + s\xc3\xa9duisante ? #Mario ou #Link ? Passer\xe2\x80\xa6"""
2020-09-06 07:59:24,"b""RT @JulienChieze: C'est le week-end \xf0\x9f\x8c\x9f #PS5 et #XboxSeriesX pr\xc3\xa9commandes limit\xc3\xa9es et exclusivit\xc3\xa9 la + s\xc3\xa9duisante ? #Mario ou #Link ? Passer\xe2\x80\xa6"""
2020-09-06 07:59:00,"b""C'est le week-end \xf0\x9f\x8c\x9f #PS5 et #XboxSeriesX pr\xc3\xa9commandes limit\xc3\xa9es et exclusivit\xc3\xa9 la + s\xc3\xa9duisante ? #Mario ou #Link ? P\xe2\x80\xa6 https://t.co/7btnVLiLdk"""
2020-09-06 00:20:51,"b'Je viens de me rendre compte que la #RTX3080  sort le 17 septembre #UltimatePlay , donc je vais la commander mais a\xe2\x80\xa6 https://t.co/o4wldlhgvd'"
2020-09-05 22:26:39,b'La GeForce RTX 30 ne dispose pas de port USB-C car VirtualLink est mort - Midinfos https://t.co/JZAtMNFEjO\xe2\x80\xa6 https://t.co/tWKRhWusSV'
2020-09-05 21:55:48,"b""RT @Marcus27500: C'est vrai que pour ceux qui ont un bon PC, passer sur une 3070/80 rend la Xbox Series X bcp moins attractive en comparais\xe2\x80\xa6"""
2020-09-05 21:53:05,"b""C'est vrai que pour ceux qui ont un bon PC, passer sur une 3070/80 rend la Xbox Series X bcp moins attractive en co\xe2\x80\xa6 https://t.co/SbdV3xhI2V"""
2020-09-05 19:45:32,b'@NVIDIAGeForceFR @TEAMEVGA @TEAMEVGA est il possible de sortir une version des #rtx3080 avec un port #virtuallink u\xe2\x80\xa6 https://t.co/BQA0TofElA'
2020-09-05 18:29:44,"b""@NVIDIAGeForceFR Si je gagne une #rtx3080 j'ouvre ma propre cha\xc3\xaene Youtube sur le mat\xc3\xa9riel informatique. \nMa premi\xc3\xa8\xe2\x80\xa6 https://t.co/moxxjoXq3c"""
2020-09-05 18:00:23,"b'RT @mikhardware: CAP ou pas CAP ? Commentes, Abonnes toi et Partages le post.\nCherches le #hashtag cach\xc3\xa9 dans la derni\xc3\xa8re vid\xc3\xa9o, commentes\xe2\x80\xa6'"
2020-09-05 17:26:29,"b'CAP ou pas CAP ? Commentes, Abonnes toi et Partages le post.\nCherches le #hashtag cach\xc3\xa9 dans la derni\xc3\xa8re vid\xc3\xa9o, com\xe2\x80\xa6 https://t.co/obna7EWDzJ'"
2020-09-05 16:40:33,"b""Bien finalement pour la RTX 3080 je vais devoir patienter jusqu'au 17 septembre pour r\xc3\xa9server, entre Evga et Asus,\xe2\x80\xa6 https://t.co/5JpRX1F0JM"""
2020-09-05 16:22:36,"b""RT @Frandroid: \xf0\x9f\xa4\x94 Est-ce que vous comptez vous \xc3\xa9quiper d'une des nouvelles cartes graphiques de Nvidia ? \xf0\x9f\x91\x89 https://t.co/Y7f5xSTnRB #RTX3070\xe2\x80\xa6"""
2020-09-05 16:03:47,"b""RT @Frandroid: \xf0\x9f\xa4\x94 Est-ce que vous comptez vous \xc3\xa9quiper d'une des nouvelles cartes graphiques de Nvidia ? \xf0\x9f\x91\x89 https://t.co/Y7f5xSTnRB #RTX3070\xe2\x80\xa6"""
2020-09-05 16:01:33,"b""\xf0\x9f\xa4\x94 Est-ce que vous comptez vous \xc3\xa9quiper d'une des nouvelles cartes graphiques de Nvidia ? \xf0\x9f\x91\x89 https://t.co/Y7f5xSTnRB\xe2\x80\xa6 https://t.co/GlQK8j7q1Y"""
2020-09-05 08:00:11,"b""si vous l'avez loup\xc3\xa9 cette semaine j'ai fais une vid\xc3\xa9o qui revient sur les annonces #Nvidia et ses nouveaux GPU\xe2\x80\xa6 https://t.co/RUUBT5LsdY"""
2020-09-04 21:48:07,b'RT @Frandroid: Vous voulez vous prendre une #RTX3080 ? Voici comment bien v\xc3\xa9rifier que son PC est compatible ! \xf0\x9f\x91\x8d\n\n(\xc3\x87a marche aussi pour la\xe2\x80\xa6'
2020-09-04 19:08:41,"b'OK, ma prochaine carte graphique \xc3\xa0 coup sur \xf0\x9f\x98\xad\xf0\x9f\xa5\xb4\n@MlleStefou\n \n#Nvidia #NVIDIARTX #nvidiartx30 #RTX3080 #RTX3090\xe2\x80\xa6 https://t.co/1j0Nx28zlD'"
2020-09-04 15:36:50,b'Nouvelle vid\xc3\xa9o on parles des #RTX\n#RTX3080 #RTXOn https://t.co/uwjfc6Xdqs'
2020-09-04 13:10:02,b'DOOM Eternal : comparaison sous GeForce RTX 2080 Ti et RTX 3080  https://t.co/34vWuAlhez #DOOM #RTX3080 #RTX2080Ti https://t.co/qACVJBNuVN'
2020-09-04 13:06:46,"b'GeForce RTX 3070, 3080 et 3090 : les tarifs des mod\xc3\xa8les customs !\n\xe2\x9e\xa1 https://t.co/H1LGcAKZ6l\n\n#realitevirtuelle\xe2\x80\xa6 https://t.co/Z8GgKRHfIb'"
2020-09-04 13:01:53,b'Moi en attendant que les copains/copines de @materielnet d\xc3\xa9voilent les machines avec des #RTX3080 dans le ventre. M\xe2\x80\xa6 https://t.co/xn7ns5QfvO'
2020-09-04 12:38:49,"b""@Shadow_France Apr\xc3\xa8s 3 mois d'attente, je dois dire que je suis plut\xc3\xb4t bluff\xc3\xa9 par la qualit\xc3\xa9 du produit. Dommage qu\xe2\x80\xa6 https://t.co/1Rv1mSTqX3"""
2020-09-04 12:28:15,"b'RT @cowcotland: [Maj] Quatre #RTX3080 chez #Colorful, dont une avec un \xc3\xa9cran LCD qui pivote https://t.co/4hgRc3GDs5 https://t.co/r6QVNoqCl5'"
2020-09-04 12:27:51,b'RT @GinjFo: #DoomEternal #RTX3080 #PCGamer Alors qui gagne ?\nhttps://t.co/hxcaSMqDzP'
2020-09-04 12:27:14,b'Permettez moi de faire du sashimi de zombie en 8k sivoupl\xc3\xa9 !! \xf0\x9f\x98\x94\xf0\x9f\x99\x83\xe2\x9d\xa4\xe2\x9d\xa4\xe2\x9d\xa4 #RTXOn #RTX3090    #UltimatePlay #RTX3080\xe2\x80\xa6 https://t.co/1DfQ9KyN0C'
2020-09-04 11:13:55,"b'RT @cowcotland: [Maj] Quatre #RTX3080 chez #Colorful, dont une avec un \xc3\xa9cran LCD qui pivote https://t.co/4hgRc3GDs5 https://t.co/r6QVNoqCl5'"
2020-09-04 10:56:03,"b'[Maj] Quatre #RTX3080 chez #Colorful, dont une avec un \xc3\xa9cran LCD qui pivote https://t.co/4hgRc3GDs5 https://t.co/r6QVNoqCl5'"
2020-09-04 10:40:21,b'@TopAchat super le #concours merci ! A quand les pr\xc3\xa9co #RTX3080'
2020-09-04 10:38:24,b'RT @Frandroid: Vous voulez vous prendre une #RTX3080 ? Voici comment bien v\xc3\xa9rifier que son PC est compatible ! \xf0\x9f\x91\x8d\n\n(\xc3\x87a marche aussi pour la\xe2\x80\xa6'
2020-09-04 10:12:45,b'RT @LeLabTech1: /!\\ Nouvelle Vid\xc3\xa9o : Annonces #NVIDIA #RTX3000 et #benchmark de la #RTX3080 en 4K ! Vous trouverez toutes les informations\xe2\x80\xa6'
2020-09-04 10:00:00,b'/!\\ Nouvelle Vid\xc3\xa9o : Annonces #NVIDIA #RTX3000 et #benchmark de la #RTX3080 en 4K ! Vous trouverez toutes les infor\xe2\x80\xa6 https://t.co/6LLHnKEMYj'
2020-09-04 09:42:05,b'#DoomEternal #RTX3080 #PCGamer Alors qui gagne ?\nhttps://t.co/hxcaSMqDzP'
2020-09-04 09:34:24,b'RT @Frandroid: Vous voulez vous prendre une #RTX3080 ? Voici comment bien v\xc3\xa9rifier que son PC est compatible ! \xf0\x9f\x91\x8d\n\n(\xc3\x87a marche aussi pour la\xe2\x80\xa6'
2020-09-04 08:57:48,b'RT @Frandroid: Vous voulez vous prendre une #RTX3080 ? Voici comment bien v\xc3\xa9rifier que son PC est compatible ! \xf0\x9f\x91\x8d\n\n(\xc3\x87a marche aussi pour la\xe2\x80\xa6'
2020-09-04 08:31:14,"b""RT @LeLabTech1: La prochaine #Nvidia #rtx3080 est annonc\xc3\xa9e \xc3\xa0 719\xe2\x82\xac! Ses performances sont, d'apr\xc3\xa8s @NVIDIAGeForceFR 2 fois sup\xc3\xa9rieur \xc3\xa0 la #r\xe2\x80\xa6"""
2020-09-04 08:31:10,b'RT @LeLabTech1: Nouvelle vid\xc3\xa9o de benchmark sur Doom Eternal en 4K avec la #RTX3080 vs #RTX2080ti ! Juste dingue!\nhttps://t.co/SUhId5q05k'
2020-09-04 08:14:28,b'RT @PgunMan: Ben quoi ?... #RTX3080 euh.. #GTX680 \xf0\x9f\x91\x80 https://t.co/2rNXUtDbeq'
2020-09-04 08:02:46,b'#GeForceRTX30 - Nvidia monte en Amp\xc3\xa8re !\n\n#Nvidia nous d\xc3\xa9voile enfin la 2\xc3\xa8me g\xc3\xa9n\xc3\xa9ration de #RTX :\nla #RTX3070\xe2\x80\xa6 https://t.co/29wqr6vpqE'
2020-09-04 07:50:20,b'Ben quoi ?... #RTX3080 euh.. #GTX680 \xf0\x9f\x91\x80 https://t.co/2rNXUtDbeq'
2020-09-04 07:49:06,b'RT @Frandroid: Vous voulez vous prendre une #RTX3080 ? Voici comment bien v\xc3\xa9rifier que son PC est compatible ! \xf0\x9f\x91\x8d\n\n(\xc3\x87a marche aussi pour la\xe2\x80\xa6'
2020-09-04 07:44:04,b'RT @Frandroid: Vous voulez vous prendre une #RTX3080 ? Voici comment bien v\xc3\xa9rifier que son PC est compatible ! \xf0\x9f\x91\x8d\n\n(\xc3\x87a marche aussi pour la\xe2\x80\xa6'
2020-09-04 07:43:34,b'RT @Frandroid: Vous voulez vous prendre une #RTX3080 ? Voici comment bien v\xc3\xa9rifier que son PC est compatible ! \xf0\x9f\x91\x8d\n\n(\xc3\x87a marche aussi pour la\xe2\x80\xa6'
2020-09-04 07:42:46,b'RT @Frandroid: Vous voulez vous prendre une #RTX3080 ? Voici comment bien v\xc3\xa9rifier que son PC est compatible ! \xf0\x9f\x91\x8d\n\n(\xc3\x87a marche aussi pour la\xe2\x80\xa6'
2020-09-04 07:40:35,b'RT @Frandroid: Vous voulez vous prendre une #RTX3080 ? Voici comment bien v\xc3\xa9rifier que son PC est compatible ! \xf0\x9f\x91\x8d\n\n(\xc3\x87a marche aussi pour la\xe2\x80\xa6'
2020-09-04 07:32:12,b'RT @Frandroid: Vous voulez vous prendre une #RTX3080 ? Voici comment bien v\xc3\xa9rifier que son PC est compatible ! \xf0\x9f\x91\x8d\n\n(\xc3\x87a marche aussi pour la\xe2\x80\xa6'
2020-09-04 07:31:55,b'Vous voulez vous prendre une #RTX3080 ? Voici comment bien v\xc3\xa9rifier que son PC est compatible ! \xf0\x9f\x91\x8d\n\n(\xc3\x87a marche aussi\xe2\x80\xa6 https://t.co/PoExCGTpvn'
2020-09-04 05:28:05,"b'RT @Marcus27500: Il serait grand tps de remplacer ma ""vieille"" 1080Ti donc je ne serais pas contre une p\'tite RTX 3080 ou encore mieux une\xe2\x80\xa6'"
2020-09-04 03:08:49,"b'RT @Marcus27500: Le SSD de la PS5 d\xc3\xa9j\xc3\xa0 d\xc3\xa9pass\xc3\xa9 par la technologie ""RTX IO"" des nouvelles cartes RTX 30 \xf0\x9f\x92\xaa #nvidiartx30 #NVIDIARTX #RTX3080 #\xe2\x80\xa6'"
2020-09-04 02:32:48,b'RT @Darkfoxx_One: Cette efficacit\xc3\xa9 suppl\xc3\xa9mentaire de la #RTX3080 in game signifie donc que nous avons \xc3\xa0 faire \xc3\xa0 un GPU dont la puissance r\xc3\xa9\xe2\x80\xa6'
2020-09-03 21:36:28,b'[JeuVideo] Un peu de gameplay de Doom Eternal sur une RTX 3080... https://t.co/rhivH5ATFk #jeuxvideo #DoomEternal #RTX3080'
2020-09-03 21:33:28,b'[JeuVideo] Un peu de gameplay de Doom Eternal sur une RTX 3080... https://t.co/2jask30uUD #jeuxvideo #DoomEternal #RTX3080'
2020-09-03 20:55:25,"b'RT @Marcus27500: Le SSD de la PS5 d\xc3\xa9j\xc3\xa0 d\xc3\xa9pass\xc3\xa9 par la technologie ""RTX IO"" des nouvelles cartes RTX 30 \xf0\x9f\x92\xaa #nvidiartx30 #NVIDIARTX #RTX3080 #\xe2\x80\xa6'"
2020-09-03 20:32:06,"b'Le SSD de la PS5 d\xc3\xa9j\xc3\xa0 d\xc3\xa9pass\xc3\xa9 par la technologie ""RTX IO"" des nouvelles cartes RTX 30 \xf0\x9f\x92\xaa #nvidiartx30 #NVIDIARTX\xe2\x80\xa6 https://t.co/Kz0SpKSRbB'"
2020-09-03 20:17:19,b'RT @Darkfoxx_One: Tiens tiens... On continue ?\nLes 30 Shaders Tflops de la #RTX3080 compar\xc3\xa9s aux 10-11 Tflops de la RTX 2080 : On est sur ~\xe2\x80\xa6'
2020-09-03 17:52:32,b'Les premieres configs pc gaming  #RTX3080 vont arriver quand sur @ldlc / @materielnet ?'
2020-09-03 15:25:53,b'RT @ECStrasbourg: Quand @NVIDIAGeForceFR a d\xc3\xa9voil\xc3\xa9 la RTX 3090. Puis quand ils ont annonc\xc3\xa9s le prix \xf0\x9f\x98\x85\xf0\x9f\x98\x82 \n\nVous en pensez quoi des nouvelles\xe2\x80\xa6'
2020-09-03 15:16:22,b'Cette efficacit\xc3\xa9 suppl\xc3\xa9mentaire de la #RTX3080 in game signifie donc que nous avons \xc3\xa0 faire \xc3\xa0 un GPU dont la puissa\xe2\x80\xa6 https://t.co/qwx2hd5zHu'
2020-09-03 15:12:06,b'Nouvelles cartes graphiques nVidia GeForce RTX 30xx. PS5 et Xbox Series X ringardis\xc3\xa9es ? @nvidia @NVIDIAGeForce\xe2\x80\xa6 https://t.co/4vAax9qsud'
2020-09-03 15:11:54,b'Quand @NVIDIAGeForceFR a d\xc3\xa9voil\xc3\xa9 la RTX 3090. Puis quand ils ont annonc\xc3\xa9s le prix \xf0\x9f\x98\x85\xf0\x9f\x98\x82 \n\nVous en pensez quoi des nouv\xe2\x80\xa6 https://t.co/rf3LeEntze'
2020-09-03 15:11:29,b'Tiens tiens... On continue ?\nLes 30 Shaders Tflops de la #RTX3080 compar\xc3\xa9s aux 10-11 Tflops de la RTX 2080 : On est\xe2\x80\xa6 https://t.co/2NkqlrGvKf'
2020-09-03 14:33:18,b'Nouvelle vid\xc3\xa9o de benchmark sur Doom Eternal en 4K avec la #RTX3080 vs #RTX2080ti ! Juste dingue!\nhttps://t.co/SUhId5q05k'
2020-09-03 13:38:55,"b""RT @StartEsport: Merci Ma\xc3\xaetre Kaio de m'avoir fait atteindre le stade du Super RTX 3 !\n\n#UltimePlay #NVIDIARTX #RTX3080 https://t.co/dBVgko\xe2\x80\xa6"""
2020-09-03 13:36:05,"b'#NVIDIA a choisi #DoomEternal pour montrer la puissance de sa nouvelle #RTX3080, vendue moins de 800\xe2\x82\xac, par rapport\xe2\x80\xa6 https://t.co/XR0rhxWh7G'"
2020-09-03 13:31:11,"b""RT @StartEsport: Merci Ma\xc3\xaetre Kaio de m'avoir fait atteindre le stade du Super RTX 3 !\n\n#UltimePlay #NVIDIARTX #RTX3080 https://t.co/dBVgko\xe2\x80\xa6"""
2020-09-03 13:31:04,"b""RT @StartEsport: Merci Ma\xc3\xaetre Kaio de m'avoir fait atteindre le stade du Super RTX 3 !\n\n#UltimePlay #NVIDIARTX #RTX3080 https://t.co/dBVgko\xe2\x80\xa6"""
2020-09-03 13:30:54,"b""RT @StartEsport: Merci Ma\xc3\xaetre Kaio de m'avoir fait atteindre le stade du Super RTX 3 !\n\n#UltimePlay #NVIDIARTX #RTX3080 https://t.co/dBVgko\xe2\x80\xa6"""
2020-09-03 13:30:50,"b""RT @StartEsport: Merci Ma\xc3\xaetre Kaio de m'avoir fait atteindre le stade du Super RTX 3 !\n\n#UltimePlay #NVIDIARTX #RTX3080 https://t.co/dBVgko\xe2\x80\xa6"""
2020-09-03 13:30:25,"b""Merci Ma\xc3\xaetre Kaio de m'avoir fait atteindre le stade du Super RTX 3 !\n\n#UltimePlay #NVIDIARTX #RTX3080 https://t.co/dBVgko7Cgp"""
2020-09-03 13:22:03,b'Une premi\xc3\xa8re id\xc3\xa9e des performances officielles de la carte #Nvidia #Geforce #RTX3080 dans le jeu Doom Eternal NVIDI\xe2\x80\xa6 https://t.co/lNHALpULWp'
2020-09-03 11:01:38,b'RT @ryusanfr: Nouvelle vid\xc3\xa9o de GIA par ici. https://t.co/aNmDbRn5X2 \xc3\xa7a concerne principalement @nvidia et des cartes #RTX3080 #RTX3090 #RT\xe2\x80\xa6'
2020-09-03 10:05:05,b'Nouvelle vid\xc3\xa9o de GIA par ici. https://t.co/aNmDbRn5X2 \xc3\xa7a concerne principalement @nvidia et des cartes #RTX3080\xe2\x80\xa6 https://t.co/AuhLDGumwq'
2020-09-03 09:50:02,"b""Yo c'est Ryujin, aujourd'hui regardons le rendu fait aux versions #RTX3080 et #RTX3090 du c\xc3\xb4t\xc3\xa9 de MSI. Il reste fid\xe2\x80\xa6 https://t.co/AJqUdyAHF6"""
2020-09-03 08:54:28,"b""Y'en a qui sont surdou\xc3\xa9s chez @JVCom\n\xc3\x87a doit leur faire plaisir chez @NVIDIAGeForceFR \xf0\x9f\x98\x85\n#RTX3080 #Nvidia #RTXOn https://t.co/P1s9xkQpOE"""
2020-09-03 04:45:22,b'RT @Sina_no_mi: Super excite par le reveal des nouvelles carte graphique de chez #Nvidia trop presser de pouvoir en avoir une entre les mai\xe2\x80\xa6'
2020-09-02 23:43:05,"b""j'espere vite test\xc3\xa9 les nouvel CG #RTX3080  #UltimatePlay"""
2020-09-02 20:31:16,b'Cyberpunk 2077 illustre les performances de la future RTX Serie 30 avec une nouvelle vid\xc3\xa9o : #Cyberpunk2077\xe2\x80\xa6 https://t.co/MrM5Js2zke'
2020-09-02 20:07:52,b'Vous souhaitez changer vos GPUs pour les nouvelles Nvidia RTX de la S\xc3\xa9rie 30 ?!\n\xf0\x9f\x92\xa5Pr\xc3\xa9commandez d\xc3\xa8s MAINTENANT !\xf0\x9f\x92\xa5\n\xf0\x9f\x93\x9e N\xe2\x80\xa6 https://t.co/Ofvc7l82rX'
2020-09-02 20:03:01,b'@NVIDIAGeForce @Crysis vous avez utilis\xc3\xa9 #RTXOn et le #DLSS pour #crysisremastered ?\nVous allez profiter \xc3\xa0 fond de\xe2\x80\xa6 https://t.co/IO1aSgGJB3'
2020-09-02 18:32:58,"b""J'ach\xc3\xa8te #rtx2080ti 380\xe2\x82\xac avec essai + remise en main propre au domicile, boite d'origine et facture, mp si int\xc3\xa9ress\xc3\xa9 \n#RTX3070 #RTX3080"""
2020-09-02 18:22:00,"b'RT @cowcotland: Quatre #RTX3080 chez #Colorful, avec du simple et du charg\xc3\xa9 en RGB https://t.co/o6jBO0prAO https://t.co/Drv9vO7jqR'"
2020-09-02 18:20:57,b'RT @cowcotland: #ASUS avance deux #RTX3090 et deux #RTX3080 en ROG Strix et TUF Gaming https://t.co/u6yPvh9Yg2 https://t.co/pzpv8nJov9'
2020-09-02 18:00:56,b'@NVIDIAGeForceFR @Kaghura19  le premier qui #top1 #Fortnite en #RTXOn avec sa #RTX3080 a gagn\xc3\xa9 !\n#UltimatePlay #FortniteSeason4'
2020-09-02 17:18:04,"b""C'est command\xc3\xa9, plus qu'\xc3\xa0 attendre la #RTX3080 \xf0\x9f\x98\x8d https://t.co/67F3KtD3Bu"""
2020-09-02 17:05:29,b'RT @omf_com: Ce soir je sais que je vais bien dormir :-)\n#nvidia #RTX3080 @NVIDIAGeForceFR https://t.co/d5SV41ILA3'
2020-09-02 17:00:43,"b""A l'occasion de l'#IFA, #Alienware a pr\xc3\xa9sent\xc3\xa9 ses nouvelles tours Aurora, qui embarqueront la #RTX3090 ou la\xe2\x80\xa6 https://t.co/ALOH5sZkZv"""
2020-09-02 16:55:12,"b'Pour \xc3\xa0 peu pr\xc3\xa9s le m\xc3\xaame prix, vous choisissez un SLI de RTX 3080 ou une RTX 3090 ? \xf0\x9f\xa4\x94\n#Nvidia\n#RTX3090\n#RTX3080\n#NvidiaJuLIVE\n#NVIDIAGeForce'"
2020-09-02 16:05:58,b'Pr\xc3\xa9sentation des nouvelles cartes graphiques en vid\xc3\xa9o sur la cha\xc3\xaene Youtube #rtx #rtx3080 #nvidia #geforce nvidiage\xe2\x80\xa6 https://t.co/txoG6JwPeQ'
2020-09-02 15:55:23,b'RT @PapaZazou420: Premiers visuels des rtx 3080 rog et tuf\n#NVIDIAGeForce #rtx3080 https://t.co/NLwTqHBTPE'
2020-09-02 15:05:12,b'Quelles performances ?\n\nLa #RTX3070 embarquera 8 Go de m\xc3\xa9moire GDDR6 et devrait \xc3\xaatre 60% plus performante que la\xe2\x80\xa6 https://t.co/H1079n5A6l'
2020-09-02 15:04:25,"b""Quel prix ?\n\nLa #RTX3070 sera propos\xc3\xa9e, dans sa founder's edition, \xc3\xa0 partir de 519\xe2\x82\xac (soit 50% moins cher que la RTX\xe2\x80\xa6 https://t.co/9857T6nMqr"""
2020-09-02 15:03:37,b'Quelle date de sortie ?\n\nLa #RTX3070 est attendue courant Octobre.\nLa #RTX3080 est attendue pour le 17 Septembre.\nL\xe2\x80\xa6 https://t.co/0iqoT5V1WP'
2020-09-02 14:35:50,b'NVIDIA lance la GeForce RTX s\xc3\xa9rie 30 avec trois cartes de haut de gamme #Gaming #Ampere #RTX3090 #RTX3080 #RTX3070 https://t.co/5rWuVPMkBx'
2020-09-02 14:16:37,b'RT @cowcotland: #ASUS avance deux #RTX3090 et deux #RTX3080 en ROG Strix et TUF Gaming https://t.co/u6yPvh9Yg2 https://t.co/pzpv8nJov9'
2020-09-02 13:57:47,b'RT @cowcotland: #ASUS avance deux #RTX3090 et deux #RTX3080 en ROG Strix et TUF Gaming https://t.co/u6yPvh9Yg2 https://t.co/pzpv8nJov9'
2020-09-02 13:48:05,b'#ASUS avance deux #RTX3090 et deux #RTX3080 en ROG Strix et TUF Gaming https://t.co/u6yPvh9Yg2 https://t.co/pzpv8nJov9'
2020-09-02 13:32:09,"b'RT @Clubic: Avec la nouvelle g\xc3\xa9n\xc3\xa9ration #RTX3000, #NVIDIA pousse le secteur des cartes graphiques vers de nouveaux sommets, avec des prix d\xe2\x80\xa6'"
2020-09-02 13:00:58,"b""RT @SebSSol: De battre mon c\xc5\x93ur s'est arr\xc3\xaat\xc3\xa9 \xf0\x9f\x92\x9a\n#RTXOn #RTX3080 @NVIDIAGeForceFR https://t.co/mGPTA2rwtX"""
2020-09-02 12:56:51,b'RT @akary28: Les joueurs PC actuellement\n#Nvidia #Rtx3080 #rtx3090 #rtx3070 https://t.co/wJT7ZZlIDK'
2020-09-02 12:23:02,"b""@NVIDIAGeForceFR @Kaghura19 j'ai h\xc3\xa2te de d'essayer avec toi #Cyberpunk2077 avec la #RTX3080 que @NVIDIAGeForceFR va\xe2\x80\xa6 https://t.co/0qrss3SVut"""
2020-09-02 12:18:06,b'Vous avez loup\xc3\xa9 les annonces #Nvidia hier ?\n\nRattrapez vous avec notre petite vid\xc3\xa9o de 6 minutes qui retrace les 3\xe2\x80\xa6 https://t.co/60JNunLOVX'
2020-09-02 12:15:43,b'RT @DowngradeCorp: Pourquoi r\xc3\xa9clamer une #RTX3080 sous le sapin quand tu peux avoir des stickers de la #DowngradeCorp ? \xf0\x9f\x98\x8e https://t.co/RShd\xe2\x80\xa6'
2020-09-02 11:53:56,"b'Avec la nouvelle g\xc3\xa9n\xc3\xa9ration #RTX3000, #NVIDIA pousse le secteur des cartes graphiques vers de nouveaux sommets, ave\xe2\x80\xa6 https://t.co/Ys7JuWqA6h'"
2020-09-02 11:49:52,"b""RT @cowcotland: A l'heure ou la #RTX3080 arrive que valent les cartes graphiques #980Ti, #1080Ti et #2080Ti ? https://t.co/uyBrzfJWa9 https\xe2\x80\xa6"""
2020-09-02 11:47:27,b'Pourquoi r\xc3\xa9clamer une #RTX3080 sous le sapin quand tu peux avoir des stickers de la #DowngradeCorp ? \xf0\x9f\x98\x8e https://t.co/RShdR0X04u'
2020-09-02 11:39:59,"b""RT @Clubic: A l'occasion de l'#IFA, #Alienware a pr\xc3\xa9sent\xc3\xa9 ses nouvelles tours Aurora, qui embarqueront la #RTX3090 ou la #RTX3080, ainsi qu\xe2\x80\xa6"""
2020-09-02 11:39:24,b'Mon nouveau fond d\xe2\x80\x99\xc3\xa9cran \xe2\x9d\xa4\xef\xb8\x8f\xe2\x9d\xa4\xef\xb8\x8f #RTX3080 https://t.co/pnQpG76nYl'
2020-09-02 11:29:40,b'Qui serait chaud pour que je face un petit concours pour faire gagner un carte #Nvidia ? #RTX3080 #RTX3090 #RTX3070 #Concours'
2020-09-02 11:03:18,"b'RT @cowcotland: Quatre #RTX3080 chez #Colorful, avec du simple et du charg\xc3\xa9 en RGB https://t.co/o6jBO0prAO https://t.co/Drv9vO7jqR'"
2020-09-02 10:42:29,"b""RT @Clubic: A l'occasion de l'#IFA, #Alienware a pr\xc3\xa9sent\xc3\xa9 ses nouvelles tours Aurora, qui embarqueront la #RTX3090 ou la #RTX3080, ainsi qu\xe2\x80\xa6"""
2020-09-02 10:28:51,"b'RT @cowcotland: Quatre #RTX3080 chez #Colorful, avec du simple et du charg\xc3\xa9 en RGB https://t.co/o6jBO0prAO https://t.co/Drv9vO7jqR'"
2020-09-02 10:25:05,"b""RT @cowcotland: A l'heure ou la #RTX3080 arrive que valent les cartes graphiques #980Ti, #1080Ti et #2080Ti ? https://t.co/uyBrzfJWa9 https\xe2\x80\xa6"""
2020-09-02 10:25:03,"b'Quatre #RTX3080 chez #Colorful, avec du simple et du charg\xc3\xa9 en RGB https://t.co/o6jBO0prAO https://t.co/Drv9vO7jqR'"
2020-09-02 10:00:03,"b""A l'occasion de l'#IFA, #Alienware a pr\xc3\xa9sent\xc3\xa9 ses nouvelles tours Aurora, qui embarqueront la #RTX3090 ou la\xe2\x80\xa6 https://t.co/EiFkTVjKxn"""
2020-09-02 10:00:01,"b""La prochaine #Nvidia #rtx3080 est annonc\xc3\xa9e \xc3\xa0 719\xe2\x82\xac! Ses performances sont, d'apr\xc3\xa8s @NVIDIAGeForceFR 2 fois sup\xc3\xa9rieur\xe2\x80\xa6 https://t.co/yjHjAO8UMd"""
2020-09-02 09:30:23,b'Avec la #RTX3080 @NVIDIAGeForceFR fait plaisir \xc3\xa0 la #TeamPC  https://t.co/b5um275Uae'
2020-09-02 09:29:18,"b""@NVIDIAGeForceFR Bon je pense que @ToonsLumeni \xc3\xa7a pourrais t'int\xc3\xa9resser mais bon j'en ai aussi besoin #RTX3080 #UltimatePlay"""
2020-09-02 09:26:54,"b""Bien le bonjour !\nQu'est-ce que \xc3\xa7a raconte en cette nouvelle journ\xc3\xa9e ? Et pourquoi la #RTX3080 ?"""
2020-09-02 09:25:20,"b'RT @FuturFax: Voil\xc3\xa0 pourquoi les, #RTX3080 et  #RTX3070 vont \xc3\xaatre des bigs hits\xf0\x9f\x98\x82 https://t.co/ldvov9A4ee'"
2020-09-02 09:22:47,"b""RT @LeLabTech1: Premier benchmark de la #rtx3080 affiche des performances de l'ordre de 160% \xc3\xa0 180% sup\xc3\xa9rieur \xc3\xa0 la #rtx2080 en 4K. D'apr\xc3\xa8s\xe2\x80\xa6"""
2020-09-02 09:09:46,"b""RT @cowcotland: A l'heure ou la #RTX3080 arrive que valent les cartes graphiques #980Ti, #1080Ti et #2080Ti ? https://t.co/uyBrzfJWa9 https\xe2\x80\xa6"""
2020-09-02 08:34:26,"b""RT @LeLabTech1: Premier benchmark de la #rtx3080 affiche des performances de l'ordre de 160% \xc3\xa0 180% sup\xc3\xa9rieur \xc3\xa0 la #rtx2080 en 4K. D'apr\xc3\xa8s\xe2\x80\xa6"""
2020-09-02 08:27:39,b'@NVIDIAGeForceFR @Kaghura19 \xf0\x9f\x98\x8d tellement besoin de cette #RTX3080\nImagine Shadow of the Tomb Raider #sottr en\xe2\x80\xa6 https://t.co/Pp3WZTOK1I'
2020-09-02 08:07:03,b'\xc3\x87a va partir sur une #RTX3080 diirect.'
2020-09-02 07:56:22,"b""Premier benchmark de la #rtx3080 affiche des performances de l'ordre de 160% \xc3\xa0 180% sup\xc3\xa9rieur \xc3\xa0 la #rtx2080 en 4K.\xe2\x80\xa6 https://t.co/ahkq2Uj0ZJ"""
2020-09-02 07:36:28,b'Super excite par le reveal des nouvelles carte graphique de chez #Nvidia trop presser de pouvoir en avoir une entre\xe2\x80\xa6 https://t.co/nA13LISbJg'
2020-09-02 07:24:47,"b""RT @cowcotland: A l'heure ou la #RTX3080 arrive que valent les cartes graphiques #980Ti, #1080Ti et #2080Ti ? https://t.co/uyBrzfJWa9 https\xe2\x80\xa6"""
2020-09-02 07:04:41,"b""RT @TopAchat: Alors, ton avis Twitter ?\nPerso j'AMPERE pas une miette ! \xf0\x9f\xa4\x93 #RTX3080 \n\nhttps://t.co/bplDxD1vMS https://t.co/wKHsTFXN4C"""
2020-09-02 06:58:46,"b""RT @studiosushi: Annonce de la #RTX3080 et sch\xc3\xa9ma anim\xc3\xa9 qui montre les flux d'\xc3\xa9vacuation de l'air chaud vers l'endroit o\xc3\xb9 est situ\xc3\xa9 le proc\xe2\x80\xa6"""
2020-09-02 06:44:14,"b""RT @TopAchat: Aaaaaah VOILA ! La #RTX3080 ! \xf0\x9f\x92\x99(derri\xc3\xa8re les spatules, je vous l'avais dit !) \n\nhttps://t.co/bplDxD1vMS https://t.co/W9fStHX3\xe2\x80\xa6"""
2020-09-02 06:44:11,"b""RT @TopAchat: Alors, ton avis Twitter ?\nPerso j'AMPERE pas une miette ! \xf0\x9f\xa4\x93 #RTX3080 \n\nhttps://t.co/bplDxD1vMS https://t.co/wKHsTFXN4C"""
2020-09-02 06:15:04,"b""A l'heure ou la #RTX3080 arrive que valent les cartes graphiques #980Ti, #1080Ti et #2080Ti ?\xe2\x80\xa6 https://t.co/9xYJI5F7WA"""
2020-09-02 05:32:45,"b""Une fois de plus Sony et sa #PS5 ont eu le nez fin a bas\xc3\xa9 sa com' sur l'immersion et les jeux.\nContrairement a Xbox\xe2\x80\xa6 https://t.co/Luoh1UamnP"""
2020-09-02 05:26:20,b'.@Nvidia annonce ses nouvelles cartes graphiques @NVIDIAGeForce #RTX3080\nhttps://t.co/pXARLwaB97'
2020-09-02 04:12:18,b'RT @raymater55: Voici les annonces officielles d\xc3\xa9voil\xc3\xa9es \xc3\xa0 la conf\xc3\xa9rence #UltimateCountdown de NVIDIA :\n\nGeForce #RTX3090 : 1499 $\nGeForce\xe2\x80\xa6'
2020-09-02 01:09:43,"b'RT @AldredEdge: Slt les gas, suite \xc3\xa0 la conf\xc3\xa9rence de #NVIDIA . On commence par Asus avec la version ROG strix de la #rtx3080 . Super desig\xe2\x80\xa6'"
2020-09-01 23:57:20,"b""Les prix des nouveaux GPU Nvidia \xc3\xa0 leur annonce, c'est toujours un gag. #RTX3090 #RTX3080 Bon le RX3070 est moins a\xe2\x80\xa6 https://t.co/71YBWWn24g"""
2020-09-01 23:13:26,"b""Le diff\xc3\xa9rence du Benchmark entre une RTX 3080 et une RTX 2080, c'est juste incroyable \xf0\x9f\x98\xb1\n\n#Nvidia #RTX3080 #RTX https://t.co/hjLsNinSYw"""
2020-09-01 22:36:46,"b""Petite pens\xc3\xa9e \xc3\xa9mue(absolument pas) \xc3\xa0 tous ces iencli qui \xc3\xa9taient content d'avoir une RTX 2080Ti Cyberpunk qui a tou\xe2\x80\xa6 https://t.co/ju7GD2nE8s"""
2020-09-01 22:01:28,"b""RT @TopAchat: Alors, ton avis Twitter ?\nPerso j'AMPERE pas une miette ! \xf0\x9f\xa4\x93 #RTX3080 \n\nhttps://t.co/bplDxD1vMS https://t.co/wKHsTFXN4C"""
2020-09-01 21:41:57,"b""Strat\xc3\xa9giquement NVIDIA \xc3\xa0 tout cass\xc3\xa9. Cela montre aussi l'importance des consoles next-gen. Cette g\xc3\xa9n\xc3\xa9ration va \xc3\xaatre\xe2\x80\xa6 https://t.co/b7XNNmcKCh"""
2020-09-01 21:20:02,"b'#NVIDIA : les d\xc3\xa9tails sur les cartes graphiques #RTX3070, #RTX3080 et la fameuse #RTX3090 !\n\n\xe2\x86\x92\xe2\x80\xa6 https://t.co/Dd5gGrdf70'"
2020-09-01 21:11:09,"b""\xc3\x87a tire a balles r\xc3\xa9elles ici. Apr\xc3\xa8s c'est une question l\xc3\xa9gitime, mais c'est beaucoup plus complexe en v\xc3\xa9rit\xc3\xa9, suffi\xe2\x80\xa6 https://t.co/ovSYAvjVmC"""
2020-09-01 21:05:37,"b'Voil\xc3\xa0 pourquoi les, #RTX3080 et  #RTX3070 vont \xc3\xaatre des bigs hits\xf0\x9f\x98\x82 https://t.co/ldvov9A4ee'"
2020-09-01 20:45:08,"b""En comparant les prix des #RTX3070 #RTX3080 et #RTX3090 \nj'ai l'impression que ceux qui ont des RTX s\xc3\xa9rie 2000 se sont bien fait enfler \xf0\x9f\x98\x82"""
2020-09-01 20:34:16,"b""Ma RTX 2060 VS la nouvelle RTX 3080...\nDemandez pas un test, piti\xc3\xa9, j'ai d'autres trucs \xc3\xa0 acheter !\n\n(... demandez\xe2\x80\xa6 https://t.co/yCzH3MXoLh"""
2020-09-01 20:34:09,b'RT @n3oakira: @martindu77 Look les #RTX3080 de chez #EVGA \xf0\x9f\x98\x8e https://t.co/tdU9dmRoPx'
2020-09-01 20:33:27,b'Nvidia vient de frapper tr\xc3\xa8s fort !\n#nvidia #rtx #rtx3090 #rtx3080 #rtx3070 #gpu\nhttps://t.co/oTo1iyDgZh'
2020-09-01 20:32:40,b'@GaMosseuh Ouais tellement \xf0\x9f\x98\x82\xf0\x9f\x91\x8c\nLe prix aussi vas nous faire r\xc3\xaaver \xf0\x9f\x98\x82\n#RTX3080'
2020-09-01 20:28:04,b'Nvidia en ce moment.\n#Nvidia #RTX3090 \n#RTX3080 https://t.co/h2W42y155l'
2020-09-01 20:22:14,b'@martindu77 Look les #RTX3080 de chez #EVGA \xf0\x9f\x98\x8e https://t.co/tdU9dmRoPx'
2020-09-01 20:03:47,"b'Bon, 3070 ? 3080 ? 3090 ? faut remplacer la 2080 Ti .... Hate de voir le nouveau Hit ! #Nvidia #RTX3090 #RTX3080\xe2\x80\xa6 https://t.co/zDKvNx6gcV'"
2020-09-01 19:54:12,"b""RT @TopAchat: Aaaaaah VOILA ! La #RTX3080 ! \xf0\x9f\x92\x99(derri\xc3\xa8re les spatules, je vous l'avais dit !) \n\nhttps://t.co/bplDxD1vMS https://t.co/W9fStHX3\xe2\x80\xa6"""
2020-09-01 19:48:19,"b""RT @Zentorno972: Voici les prix des cartes #Nvidia #rtx3070 #rtx3080 #rtx3090  en \xe2\x82\xac. Je prendrais la #rtx3070 car c'est la moins ch\xc3\xa8re des\xe2\x80\xa6"""
2020-09-01 19:48:12,b'RT @cowcotland: #Nvidia d\xc3\xa9voile la carte graphique #RTX3080 https://t.co/jWLzhpOX3g https://t.co/jZNyCcG4js'
2020-09-01 19:45:41,b'Les possesseurs de 2080 TI en sueur. #RTX3080'
2020-09-01 19:35:18,b'RT @Ragkzz_Hardware: Vid\xc3\xa9o r\xc3\xa9sum\xc3\xa9 sur les #rtx3080 en pr\xc3\xa9paration pog \xf0\x9f\x98\xb3'
2020-09-01 19:26:40,"b""Les #rtx3070 , #rtx3080 et #rtx3090 viennent d'\xc3\xaatre d\xc3\xa9voil\xc3\xa9s par @NVIDIAGeForceFR \xf0\x9f\x94\xa5\n\nLes cartes s'annoncent surpuis\xe2\x80\xa6 https://t.co/HkM52Xb9M3"""
2020-09-01 19:20:08,"b""J'ai tellement bien fait de sauter la s\xc3\xa9rie 2000!  1080 --&gt; 3080 ! #rtx3080"""
2020-09-01 19:17:34,b'Coucou toi! \n#rtx3080 #Nvidia https://t.co/w4yRTEevkX'
2020-09-01 19:10:40,b'RT @CoupleOfGamer: [#HighTech] Les premi\xc3\xa8res cartes NVIDIA GeForce RTX S\xc3\xa9rie 30 se d\xc3\xa9voilent \nhttps://t.co/na9TigNq8i \n\n@msifrance #RTX3090\xe2\x80\xa6'
2020-09-01 19:10:17,"b""RT @Zentorno972: Voici les prix des cartes #Nvidia #rtx3070 #rtx3080 #rtx3090  en \xe2\x82\xac. Je prendrais la #rtx3070 car c'est la moins ch\xc3\xa8re des\xe2\x80\xa6"""
2020-09-01 19:08:47,b'[#HighTech] Les premi\xc3\xa8res cartes NVIDIA GeForce RTX S\xc3\xa9rie 30 se d\xc3\xa9voilent \nhttps://t.co/na9TigNq8i \n\n@msifrance #RTX3090 #rtx3080 #CoG'
2020-09-01 19:06:22,"b'Je ne pensais pas \xc3\xaatre hype puis ce que ma 2070 super fonctionne tr\xc3\xa8\xc3\xa8\xc3\xa8\xc3\xa8s bien, mais la #RTX3080 .... JE SUIS PAS LOIN DU CRAQUAGE.\n #Nvidia'"
2020-09-01 19:02:08,"b'RT @AldredEdge: Slt les gas, suite \xc3\xa0 la conf\xc3\xa9rence de #NVIDIA . On commence par Asus avec la version ROG strix de la #rtx3080 . Super desig\xe2\x80\xa6'"
2020-09-01 19:01:09,b'Vid\xc3\xa9o r\xc3\xa9sum\xc3\xa9 sur les #rtx3080 en pr\xc3\xa9paration pog \xf0\x9f\x98\xb3'
2020-09-01 19:00:20,"b'Slt les gas, suite \xc3\xa0 la conf\xc3\xa9rence de #NVIDIA . On commence par Asus avec la version ROG strix de la #rtx3080 . Sup\xe2\x80\xa6 https://t.co/S7DQQQ1p4o'"
2020-09-01 18:58:47,b'RT @actu_jv: \xf0\x9f\x94\xa5 @NVIDIAGeForceFR annonce les cartes graphiques de la s\xc3\xa9rie #RTX3000 ! #UltimateCountdown #RTXOn \xf0\x9f\x92\x9a\n\n. #RTX3090 : Dispo 24 sep\xe2\x80\xa6'
2020-09-01 18:56:11,b'Premiers visuels des rtx 3080 rog et tuf\n#NVIDIAGeForce #rtx3080 https://t.co/NLwTqHBTPE'
2020-09-01 18:56:00,"b""J'suis amoureux du design de la #rtx3080"""
2020-09-01 18:49:51,"b""Objectif de fin d'ann\xc3\xa9e acheter une #rtx3080"""
2020-09-01 18:49:09,b'3090 $1499 Available September 24\n3080 $699   Available September 17\n3070 $499   Available October\n\n#Nvidia\xe2\x80\xa6 https://t.co/CefuRNCImS'
2020-09-01 18:45:14,b'Voici le prix des prochaines RTX en France ! \xf0\x9f\xa4\x97\xf0\x9f\x87\xab\xf0\x9f\x87\xb7\n#Nvidia #RTXOn #rtx3080 #rtx3090 #RTXatHome https://t.co/fFeWAXLCSo'
2020-09-01 18:40:00,b'. @NVIDIAGeForceFR pr\xc3\xa9sente les nouveaux GPU GeForce #RTX s\xc3\xa9rie 30 ! #RTX3080 #RTX3070 #RTX3090 #UltimatePlay\n\nhttps://t.co/Xr8FPkig5C'
2020-09-01 18:33:10,b'RT @actu_jv: \xf0\x9f\x94\xa5 @NVIDIAGeForceFR annonce les cartes graphiques de la s\xc3\xa9rie #RTX3000 ! #UltimateCountdown #RTXOn \xf0\x9f\x92\x9a\n\n. #RTX3090 : Dispo 24 sep\xe2\x80\xa6'
2020-09-01 18:26:39,"b'Xbox : Moi je serai la console la plus puissante !\n\nPlayStation : LOL, attends deux secondes je vais faire mieux !\xe2\x80\xa6 https://t.co/VqDzLqZ9Qe'"
2020-09-01 18:17:09,"b""Voici les prix des cartes #Nvidia #rtx3070 #rtx3080 #rtx3090  en \xe2\x82\xac. Je prendrais la #rtx3070 car c'est la moins ch\xc3\xa8\xe2\x80\xa6 https://t.co/6AUheWdSGt"""
2020-09-01 18:16:51,"b'GeForce RTX 3070, 3080 et 3090, les prix et les d\xc3\xa9tails &gt; https://t.co/DIszDctVXD via @GinjFo #GeForceEVent #RTX #rtx3070 #rtx3080 #rtx3090'"
2020-09-01 18:16:41,b'Les joueurs PC actuellement\n#Nvidia #Rtx3080 #rtx3090 #rtx3070 https://t.co/wJT7ZZlIDK'
2020-09-01 18:11:29,b'Une super bonne nouvelle pour les #streamer ! \xf0\x9f\xa4\xa9\xf0\x9f\x91\x80\xf0\x9f\x98\xb1\n#Nvidia #rtx3080 #lamaisondugeek #mad #twitch https://t.co/U62l0mS2H4'
2020-09-01 18:10:17,"b'Bon @TopAchat , va falloir commencer \xc3\xa0 modifier vos prix l\xc3\xa0 non? Parce que 850,90\xe2\x82\xac de diff\xc3\xa9rence entre les deux, \xc3\xa7a\xe2\x80\xa6 https://t.co/sCE3pOYj6F'"
2020-09-01 18:09:05,"b""RT @EnzSSol: Ceux qui ont achet\xc3\xa9s une 2080ti r\xc3\xa9cemment quand ils ont vu l'annonce de la #rtx3080.\n#Nvidia #RtxOn https://t.co/9asUqneWZR"""
2020-09-01 18:07:02,b'Bon il va falloir que je taff dur pour avoir ma #rtx3080 \xf0\x9f\x98\xac'
2020-09-01 18:01:39,"b""j\xe2\x80\x99esp\xc3\xa8re que si j'en prends une elle rentrera dans mon boitier ! #Nvidia #RTX3080 https://t.co/3aaCSXFDQH"""
2020-09-01 18:00:51,"b""On prends le march\xc3\xa9 des CG on l'encule a deux #Nvidia #3090 #rtx3080 #rtx3090 https://t.co/xVCsDTbJVI"""
2020-09-01 18:00:36,b'Voici pour vous un comparatif pour toutes les nouvelles #RTX de chez @NVIDIAGeForceFR ! \n\n#rtx3080 #RTXOn #rtx3070\xe2\x80\xa6 https://t.co/FzOiNun9fZ'
2020-09-01 17:58:55,b'La rtx 3070 au prix de 519 euro vos avis les gars sur les news nvdia ?\n#Nvidia #Fortnite #rtx3080 https://t.co/iCDuOAphah'
2020-09-01 17:55:06,"b'RT @TarmacGaming: \xf0\x9f\x94\xa5[#Gaming]\n\nLa keynote #Nvidia est finie, r\xc3\xa9v\xc3\xa9lant la nouvelle gamme 3000 de ses cartes graphiques #RTX \xf0\x9f\xa4\xa9\n\n\xf0\x9f\x91\x89 Des performa\xe2\x80\xa6'"
2020-09-01 17:54:19,"b'RT @TarmacGaming: \xf0\x9f\x94\xa5[#Gaming]\n\nLa keynote #Nvidia est finie, r\xc3\xa9v\xc3\xa9lant la nouvelle gamme 3000 de ses cartes graphiques #RTX \xf0\x9f\xa4\xa9\n\n\xf0\x9f\x91\x89 Des performa\xe2\x80\xa6'"
2020-09-01 17:53:54,"b""RT @TopAchat: Alors, ton avis Twitter ?\nPerso j'AMPERE pas une miette ! \xf0\x9f\xa4\x93 #RTX3080 \n\nhttps://t.co/bplDxD1vMS https://t.co/wKHsTFXN4C"""
2020-09-01 17:51:05,"b'\xf0\x9f\x94\xa5[#Gaming]\n\nLa keynote #Nvidia est finie, r\xc3\xa9v\xc3\xa9lant la nouvelle gamme 3000 de ses cartes graphiques #RTX \xf0\x9f\xa4\xa9\n\n\xf0\x9f\x91\x89 Des pe\xe2\x80\xa6 https://t.co/fZ1bdZ6SIG'"
2020-09-01 17:44:18,"b""RT @TopAchat: Aaaaaah VOILA ! La #RTX3080 ! \xf0\x9f\x92\x99(derri\xc3\xa8re les spatules, je vous l'avais dit !) \n\nhttps://t.co/bplDxD1vMS https://t.co/W9fStHX3\xe2\x80\xa6"""
2020-09-01 17:42:57,"b""RT @TopAchat: Aaaaaah VOILA ! La #RTX3080 ! \xf0\x9f\x92\x99(derri\xc3\xa8re les spatules, je vous l'avais dit !) \n\nhttps://t.co/bplDxD1vMS https://t.co/W9fStHX3\xe2\x80\xa6"""
2020-09-01 17:42:54,"b""RT @TopAchat: Alors, ton avis Twitter ?\nPerso j'AMPERE pas une miette ! \xf0\x9f\xa4\x93 #RTX3080 \n\nhttps://t.co/bplDxD1vMS https://t.co/wKHsTFXN4C"""
2020-09-01 17:38:31,"b""RT @EnzSSol: Ceux qui ont achet\xc3\xa9s une 2080ti r\xc3\xa9cemment quand ils ont vu l'annonce de la #rtx3080.\n#Nvidia #RtxOn https://t.co/9asUqneWZR"""
2020-09-01 17:34:29,b'RT @omf_com: Ce soir je sais que je vais bien dormir :-)\n#nvidia #RTX3080 @NVIDIAGeForceFR https://t.co/d5SV41ILA3'
2020-09-01 17:32:14,"b""Je m'\xc3\xa9tais jur\xc3\xa9 de plus me faire de config gamer et l\xc3\xa0 #Nvidia qui envoie du trop lourd. #rtx3080"""
2020-09-01 17:27:49,"b'RT @Marcus27500: Il serait grand tps de remplacer ma ""vieille"" 1080Ti donc je ne serais pas contre une p\'tite RTX 3080 ou encore mieux une\xe2\x80\xa6'"
2020-09-01 17:24:10,b'#NVIDIA #GeForce #rtx3080 coucou tu seras mon prochain jouet !! H\xc3\xa2te de pouvoir jouer \xc3\xa0 #Shadowlands en 8k !!!'
2020-09-01 17:20:09,b'En 2050 on aura les RTX16080 avec 36 ventilos #Nvidia #rtx3080'
2020-09-01 17:19:07,"b'LE lancement officiel de la seconde g\xc3\xa9n\xc3\xa9ration des RTX avec la RTX 3080 enfin un nouveau design, magnifique et bien\xe2\x80\xa6 https://t.co/Rz8dmbrIFu'"
2020-09-01 17:13:38,"b""@TopAchat Il faut savoir qu'avec \xc3\xa7a je ne pourrais pas dire ce que j'arriverais pas \xc3\xa0 faire tourner incroyable #rtx3080"""
2020-09-01 17:10:49,"b'Il serait grand tps de remplacer ma ""vieille"" 1080Ti donc je ne serais pas contre une p\'tite RTX 3080 ou encore mie\xe2\x80\xa6 https://t.co/RXlMSX8bLW'"
2020-09-01 17:10:32,"b""RT @TopAchat: Aaaaaah VOILA ! La #RTX3080 ! \xf0\x9f\x92\x99(derri\xc3\xa8re les spatules, je vous l'avais dit !) \n\nhttps://t.co/bplDxD1vMS https://t.co/W9fStHX3\xe2\x80\xa6"""
2020-09-01 17:10:27,"b""RT @TopAchat: Alors, ton avis Twitter ?\nPerso j'AMPERE pas une miette ! \xf0\x9f\xa4\x93 #RTX3080 \n\nhttps://t.co/bplDxD1vMS https://t.co/wKHsTFXN4C"""
2020-09-01 17:08:34,"b""RT @TopAchat: Alors, ton avis Twitter ?\nPerso j'AMPERE pas une miette ! \xf0\x9f\xa4\x93 #RTX3080 \n\nhttps://t.co/bplDxD1vMS https://t.co/wKHsTFXN4C"""
2020-09-01 17:08:00,b'Ce soir je sais que je vais bien dormir :-)\n#nvidia #RTX3080 @NVIDIAGeForceFR https://t.co/d5SV41ILA3'
2020-09-01 16:57:02,b'RT @cowcotland: #Nvidia d\xc3\xa9voile la carte graphique #RTX3080 https://t.co/jWLzhpOX3g https://t.co/jZNyCcG4js'
2020-09-01 16:56:34,"b""Vous aussi, vous cherchez pu pr\xc3\xa9commander votre #geforce #nvdia #rtx3080 . @NVIDIAGeForce @NVIDIAGeForceFR .J'ai ju\xe2\x80\xa6 https://t.co/EkFcoklsM7"""
2020-09-01 16:55:29,b'RT @cowcotland: #Nvidia d\xc3\xa9voile la carte graphique #RTX3080 https://t.co/jWLzhpOX3g https://t.co/jZNyCcG4js'
2020-09-01 16:53:05,b'RT @cowcotland: #Nvidia d\xc3\xa9voile la carte graphique #RTX3080 https://t.co/jWLzhpOX3g https://t.co/jZNyCcG4js'
2020-09-01 16:52:03,b'#Nvidia d\xc3\xa9voile la carte graphique #RTX3080 https://t.co/jWLzhpOX3g https://t.co/jZNyCcG4js'
2020-09-01 16:51:46,"b""RT @TopAchat: Aaaaaah VOILA ! La #RTX3080 ! \xf0\x9f\x92\x99(derri\xc3\xa8re les spatules, je vous l'avais dit !) \n\nhttps://t.co/bplDxD1vMS https://t.co/W9fStHX3\xe2\x80\xa6"""
2020-09-01 16:51:28,"b'Nvidia qui vient de fusiller en place public les consoles Next Gen. Vive le gaming, vive les jeux. Vive la tech BOR\xe2\x80\xa6 https://t.co/uEjdnQlFrQ'"
2020-09-01 16:51:08,"b""Ceux qui ont achet\xc3\xa9s une 2080ti r\xc3\xa9cemment quand ils ont vu l'annonce de la #rtx3080.\n#Nvidia #RtxOn https://t.co/9asUqneWZR"""
2020-09-01 16:51:05,"b""#RTX3080 hype. Bon du coup, les 699$ deviennent 699 EUR, puis ~760 CHF ? \n\nParce qu'avec le merdier du covid, 699$,\xe2\x80\xa6 https://t.co/v3wivdCgfX"""
2020-09-01 16:49:39,"b'Bon bah prochain pc sur carte RTX 30XX series hein,\n500$ pour la 3070 et 3080 \xc3\xa0 700$ ??\n\xf0\x9f\xa4\xaf\xf0\x9f\xa4\xaf\n#nvidia \n#rtx3080\n#rtx3070'"
2020-09-01 16:48:17,"b'Bon apr\xc3\xa8s la conf Nvidia, \xc3\xa7a part sur une #rtx3080'"
2020-09-01 16:47:58,b'RT @actu_jv: \xf0\x9f\x94\xa5 @NVIDIAGeForceFR annonce les cartes graphiques de la s\xc3\xa9rie #RTX3000 ! #UltimateCountdown #RTXOn \xf0\x9f\x92\x9a\n\n. #RTX3090 : Dispo 24 sep\xe2\x80\xa6'
2020-09-01 16:47:56,"b'Oh putain, des monstres de calcul \xf0\x9f\x98\x8d\n#NVIDIA #RTX3080 #RTX3070 et #RTX3090'"
2020-09-01 16:47:41,"b""RT @SebSSol: De battre mon c\xc5\x93ur s'est arr\xc3\xaat\xc3\xa9 \xf0\x9f\x92\x9a\n#RTXOn #RTX3080 @NVIDIAGeForceFR https://t.co/mGPTA2rwtX"""
2020-09-01 16:47:36,"b""De battre mon c\xc5\x93ur s'est arr\xc3\xaat\xc3\xa9 \xf0\x9f\x92\x9a\n#RTXOn #RTX3080 @NVIDIAGeForceFR https://t.co/mGPTA2rwtX"""
2020-09-01 16:46:48,b'RT @actu_jv: \xf0\x9f\x94\xa5 @NVIDIAGeForceFR annonce les cartes graphiques de la s\xc3\xa9rie #RTX3000 ! #UltimateCountdown #RTXOn \xf0\x9f\x92\x9a\n\n. #RTX3090 : Dispo 24 sep\xe2\x80\xa6'
2020-09-01 16:45:57,b'RT @actu_jv: \xf0\x9f\x94\xa5 @NVIDIAGeForceFR annonce les cartes graphiques de la s\xc3\xa9rie #RTX3000 ! #UltimateCountdown #RTXOn \xf0\x9f\x92\x9a\n\n. #RTX3090 : Dispo 24 sep\xe2\x80\xa6'
2020-09-01 16:44:41,b'\xf0\x9f\x94\xa5 @NVIDIAGeForceFR annonce les cartes graphiques de la s\xc3\xa9rie #RTX3000 ! #UltimateCountdown #RTXOn \xf0\x9f\x92\x9a\n\n. #RTX3090 : D\xe2\x80\xa6 https://t.co/YkhwLbRmU1'
2020-09-01 16:44:21,b'Voici les annonces officielles d\xc3\xa9voil\xc3\xa9es \xc3\xa0 la conf\xc3\xa9rence #UltimateCountdown de NVIDIA :\n\nGeForce #RTX3090 : 1499 $\xe2\x80\xa6 https://t.co/84YvxBAK7q'
2020-09-01 16:43:03,"b""RT @TopAchat: Aaaaaah VOILA ! La #RTX3080 ! \xf0\x9f\x92\x99(derri\xc3\xa8re les spatules, je vous l'avais dit !) \n\nhttps://t.co/bplDxD1vMS https://t.co/W9fStHX3\xe2\x80\xa6"""
2020-09-01 16:42:55,"b""RT @TopAchat: Alors, ton avis Twitter ?\nPerso j'AMPERE pas une miette ! \xf0\x9f\xa4\x93 #RTX3080 \n\nhttps://t.co/bplDxD1vMS https://t.co/wKHsTFXN4C"""
2020-09-01 16:42:49,b'Je pense aux acheteurs des premiers RTX20 ... Avec le prix #rtx3090 #rtx3080 #rtx3070 \xf0\x9f\x98\x82 Elles ont perdu 80% de leurs valeurs.'
2020-09-01 16:42:01,"b""RT @TopAchat: Alors, ton avis Twitter ?\nPerso j'AMPERE pas une miette ! \xf0\x9f\xa4\x93 #RTX3080 \n\nhttps://t.co/bplDxD1vMS https://t.co/wKHsTFXN4C"""
2020-09-01 16:41:45,b'Incroyable conf de @NVIDIAGeForce #rtx3080'
2020-09-01 16:40:08,"b""J'aimerais \xc3\xa7a avoir des \xc3\xa9motions comme vous quand vous voyez une nouvelle carte vid\xc3\xa9o... #RTX3080"""
2020-09-01 16:39:33,b'#NVIDIA #rtx3080 \n@JulienChieze\n avec #NvidiaJuLive \nhttps://t.co/HOBbF8Eqe0 https://t.co/3uGdfMqkIQ'
2020-09-01 16:39:29,"b'Ah ouais, Nvidia met la barre tr\xc3\xa8s haute la #rtx3080'"
2020-09-01 16:36:19,"b'Donc la, la carte graphique qui surpasse la ps5 et la Series X va co\xc3\xbbter que 700 balles ? Soit 100\xe2\x82\xac de moins que la 2080 ???\n#rtx3080'"
2020-09-01 16:35:03,"b""RT @TopAchat: Alors, ton avis Twitter ?\nPerso j'AMPERE pas une miette ! \xf0\x9f\xa4\x93 #RTX3080 \n\nhttps://t.co/bplDxD1vMS https://t.co/wKHsTFXN4C"""
2020-09-01 16:34:50,"b""RT @TopAchat: Aaaaaah VOILA ! La #RTX3080 ! \xf0\x9f\x92\x99(derri\xc3\xa8re les spatules, je vous l'avais dit !) \n\nhttps://t.co/bplDxD1vMS https://t.co/W9fStHX3\xe2\x80\xa6"""
2020-09-01 16:34:33,"b""RT @TopAchat: Alors, ton avis Twitter ?\nPerso j'AMPERE pas une miette ! \xf0\x9f\xa4\x93 #RTX3080 \n\nhttps://t.co/bplDxD1vMS https://t.co/wKHsTFXN4C"""
2020-09-01 16:34:33,"b""RT @TopAchat: Aaaaaah VOILA ! La #RTX3080 ! \xf0\x9f\x92\x99(derri\xc3\xa8re les spatules, je vous l'avais dit !) \n\nhttps://t.co/bplDxD1vMS https://t.co/W9fStHX3\xe2\x80\xa6"""
2020-09-01 16:32:23,"b""RT @TopAchat: Alors, ton avis Twitter ?\nPerso j'AMPERE pas une miette ! \xf0\x9f\xa4\x93 #RTX3080 \n\nhttps://t.co/bplDxD1vMS https://t.co/wKHsTFXN4C"""
2020-09-01 16:32:18,"b""RT @TopAchat: Aaaaaah VOILA ! La #RTX3080 ! \xf0\x9f\x92\x99(derri\xc3\xa8re les spatules, je vous l'avais dit !) \n\nhttps://t.co/bplDxD1vMS https://t.co/W9fStHX3\xe2\x80\xa6"""
2020-09-01 16:31:50,"b""Annonce de la #RTX3080 et sch\xc3\xa9ma anim\xc3\xa9 qui montre les flux d'\xc3\xa9vacuation de l'air chaud vers l'endroit o\xc3\xb9 est situ\xc3\xa9\xe2\x80\xa6 https://t.co/h0K4bgfKRy"""
2020-09-01 16:31:18,b'OMG la rtx 3080 annonc\xc3\xa9  par @NVIDIAGeForceFR incroyable. Normalement au prix de 1300$ (video nvidia event) #nvidia #rtx #rtx3080'
2020-09-01 16:31:03,"b""RT @TopAchat: Aaaaaah VOILA ! La #RTX3080 ! \xf0\x9f\x92\x99(derri\xc3\xa8re les spatules, je vous l'avais dit !) \n\nhttps://t.co/bplDxD1vMS https://t.co/W9fStHX3\xe2\x80\xa6"""
2020-09-01 16:30:51,"b""RT @TopAchat: Alors, ton avis Twitter ?\nPerso j'AMPERE pas une miette ! \xf0\x9f\xa4\x93 #RTX3080 \n\nhttps://t.co/bplDxD1vMS https://t.co/wKHsTFXN4C"""
2020-09-01 16:30:36,"b""RT @TopAchat: Aaaaaah VOILA ! La #RTX3080 ! \xf0\x9f\x92\x99(derri\xc3\xa8re les spatules, je vous l'avais dit !) \n\nhttps://t.co/bplDxD1vMS https://t.co/W9fStHX3\xe2\x80\xa6"""
2020-09-01 16:30:25,"b""Alors, ton avis Twitter ?\nPerso j'AMPERE pas une miette ! \xf0\x9f\xa4\x93 #RTX3080 \n\nhttps://t.co/bplDxD1vMS https://t.co/wKHsTFXN4C"""
2020-09-01 16:30:22,"b""RT @TopAchat: Aaaaaah VOILA ! La #RTX3080 ! \xf0\x9f\x92\x99(derri\xc3\xa8re les spatules, je vous l'avais dit !) \n\nhttps://t.co/bplDxD1vMS https://t.co/W9fStHX3\xe2\x80\xa6"""
2020-09-01 16:29:43,"b""RT @TopAchat: Aaaaaah VOILA ! La #RTX3080 ! \xf0\x9f\x92\x99(derri\xc3\xa8re les spatules, je vous l'avais dit !) \n\nhttps://t.co/bplDxD1vMS https://t.co/W9fStHX3\xe2\x80\xa6"""
2020-09-01 16:29:14,"b'Outre sa puissance et tout le tralala, le design est styl\xc3\xa9 #rtx3080'"
2020-09-01 16:29:05,"b""RT @TopAchat: Aaaaaah VOILA ! La #RTX3080 ! \xf0\x9f\x92\x99(derri\xc3\xa8re les spatules, je vous l'avais dit !) \n\nhttps://t.co/bplDxD1vMS https://t.co/W9fStHX3\xe2\x80\xa6"""
2020-09-01 16:28:55,b'Oh bordel va falloir des boitier de quelle tailler pour rentrer un truc pareil. #RTX3080'
2020-09-01 16:28:54,"b""RT @TopAchat: Aaaaaah VOILA ! La #RTX3080 ! \xf0\x9f\x92\x99(derri\xc3\xa8re les spatules, je vous l'avais dit !) \n\nhttps://t.co/bplDxD1vMS https://t.co/W9fStHX3\xe2\x80\xa6"""
2020-09-01 16:28:35,"b""Aaaaaah VOILA ! La #RTX3080 ! \xf0\x9f\x92\x99(derri\xc3\xa8re les spatules, je vous l'avais dit !) \n\nhttps://t.co/bplDxD1vMS https://t.co/W9fStHX3LH"""
